Time,Latitude,Longitude
2026-06-01 11:36:00,0.148697928303075,-63.6315510993535
2026-06-01 11:37:00,3.90995074766843,-64.3814352623266
2026-06-01 11:38:00,7.67045284733249,-65.1357746942747
2026-06-01 11:39:00,11.4294831283681,-65.8990056645127
2026-06-01 11:40:00,15.1863157850277,-66.6758745512592
2026-06-01 11:41:00,18.9402152748172,-67.4716189823106
2026-06-01 11:42:00,22.6904281269753,-68.2921875708056
2026-06-01 11:43:00,26.4361704883502,-69.1445175537614
2026-06-01 11:44:00,30.1766082098922,-70.0369008571148
2026-06-01 11:45:00,33.9108281135369,-70.979479938032
2026-06-01 11:46:00,37.637795011683,-71.9849411723713
2026-06-01 11:47:00,41.3562867088155,-73.0695054535986
2026-06-01 11:48:00,45.064795649578,-74.254386572353
2026-06-01 11:49:00,48.7613781292707,-75.5679992485868
2026-06-01 11:50:00,52.4434160750945,-77.0494051970825
2026-06-01 11:51:00,56.1072264804958,-78.7538775291018
2026-06-01 11:52:00,59.7473963560102,-80.7622393865531
2026-06-01 11:53:00,63.355596553853,-83.1972310759858
2026-06-01 11:54:00,66.9183429864036,-86.2536129478428
2026-06-01 11:55:00,70.4124836653682,-90.2564440933901
2026-06-01 11:56:00,73.7953982005887,-95.7792696246334
2026-06-01 11:57:00,76.9820547584082,-103.886646647809
2026-06-01 11:58:00,79.7891098378513,-116.559883451343
2026-06-01 11:59:00,81.8180992071223,-136.712140754719
2026-06-01 12:00:00,82.4178086317195,-164.173529060379
2026-06-01 12:01:00,81.288457813993,170.131351495179
2026-06-01 12:02:00,78.9478857784915,152.679331435798
2026-06-01 12:03:00,75.9900982733979,141.764916857043
2026-06-01 12:04:00,72.7286645060182,134.650563727998
2026-06-01 12:05:00,69.3058456863458,129.702301836847
2026-06-01 12:06:00,65.7891122215151,126.051199653902
2026-06-01 12:07:00,62.2131914487343,123.222356335755
2026-06-01 12:08:00,58.5973930557483,120.941699628927
2026-06-01 12:09:00,54.953183130003,119.042210123842
2026-06-01 12:10:00,51.2877589062556,117.417057936352
2026-06-01 12:11:00,47.6058612301522,115.994992990363
2026-06-01 12:12:00,43.9107533597642,114.726748399625
2026-06-01 12:13:00,40.2047788797254,113.577169318311
2026-06-01 12:14:00,36.4896942394179,112.520462100406
2026-06-01 12:15:00,32.7668739837384,111.53721886925
2026-06-01 12:16:00,29.0374417429768,110.612491651252
2026-06-01 12:17:00,25.3023562079386,109.734507919512
2026-06-01 12:18:00,21.5624682512799,108.893790617244
2026-06-01 12:19:00,17.8185588653587,108.082537189981
2026-06-01 12:20:00,14.0713646142611,107.294171942977
2026-06-01 12:21:00,10.3215949091936,106.523012385805
2026-06-01 12:22:00,6.56994326676389,105.764012904579
2026-06-01 12:23:00,2.81709443596803,105.012560062652
2026-06-01 12:24:00,-0.936270777521093,104.264301267364
2026-06-01 12:25:00,-4.68947253763681,103.514992606413
2026-06-01 12:26:00,-8.44183033235727,102.760354191062
2026-06-01 12:27:00,-12.1926617522312,101.995922736724
2026-06-01 12:28:00,-15.9412785450138,101.21689166318
2026-06-01 12:29:00,-19.6869808213828,100.417924884931
2026-06-01 12:30:00,-23.4290479599264,99.5929298733271
2026-06-01 12:31:00,-27.1667242287263,98.7347657712034
2026-06-01 12:32:00,-30.8991977440758,97.834858969567
2026-06-01 12:33:00,-34.6255694616352,96.8826778424179
2026-06-01 12:34:00,-38.3448068476523,95.8649967553755
2026-06-01 12:35:00,-42.0556740399502,94.7648364822901
2026-06-01 12:36:00,-45.7566258790536,93.559897380096
2026-06-01 12:37:00,-49.4456443817314,92.2201755086133
2026-06-01 12:38:00,-53.1199789929213,90.7042202132445
2026-06-01 12:39:00,-56.7757183260739,88.9530509236834
2026-06-01 12:40:00,-60.4070564727393,86.879872044035
2026-06-01 12:41:00,-64.0049712991787,84.3518986144841
2026-06-01 12:42:00,-67.554701507236,81.156623620568
2026-06-01 12:43:00,-71.03059513179,76.9359154129206
2026-06-01 12:44:00,-74.3847666565649,71.0515196321625
2026-06-01 12:45:00,-77.5202290221739,62.3111420180439
2026-06-01 12:46:00,-80.2256942557452,48.5256583072845
2026-06-01 12:47:00,-82.050518122853,26.8273062750666
2026-06-01 12:48:00,-82.3378218729008,-1.17087309436976
2026-06-01 12:49:00,-80.9399121052311,-25.5597485206503
2026-06-01 12:50:00,-78.452779456445,-41.6198127091283
2026-06-01 12:51:00,-75.4227989729495,-51.6876349110918
2026-06-01 12:52:00,-72.1228730913465,-58.324287647916
2026-06-01 12:53:00,-68.6768767631016,-62.9922751438405
2026-06-01 12:54:00,-65.1443832207866,-66.4692321779282
2026-06-01 12:55:00,-61.556508720997,-69.1839727630046
2026-06-01 12:56:00,-57.9307806944155,-71.3864473807026
2026-06-01 12:57:00,-54.2777243786718,-73.2303664107971
2026-06-01 12:58:00,-50.6040134901726,-74.8148266543482
2026-06-01 12:59:00,-46.9140875495324,-76.2063720333958
2026-06-01 13:00:00,-43.2110343557605,-77.4512879100503
2026-06-01 13:01:00,-39.4970967499174,-78.5827742551561
2026-06-01 13:02:00,-35.7739764243275,-79.6253050630444
2026-06-01 13:03:00,-32.0430230652053,-80.5973747161358
2026-06-01 13:04:00,-28.305355925399,-81.5132870282504
2026-06-01 13:05:00,-24.5619434668018,-82.3843530922373
2026-06-01 13:06:00,-20.8136561248006,-83.21971702316
2026-06-01 13:07:00,-17.0613014646771,-84.0269399276078
2026-06-01 13:08:00,-13.305647610537,-84.8124244606531
2026-06-01 13:09:00,-9.54743872694143,-85.5817325036039
2026-06-01 13:10:00,-5.7874051079001,-86.3398308414623
2026-06-01 13:11:00,-2.02626950601515,-87.0912892372797
2026-06-01 13:12:00,1.73524881078615,-87.840448342366
2026-06-01 13:13:00,5.49643141192581,-88.5915705720137
2026-06-01 13:14:00,9.25655873676059,-89.3489854032717
2026-06-01 13:15:00,13.0149076855834,-90.1172388919387
2026-06-01 13:16:00,16.7707481269467,-90.9012607164345
2026-06-01 13:17:00,20.5233368180117,-91.706558592425
2026-06-01 13:18:00,24.2719081529968,-92.5394595421982
2026-06-01 13:19:00,28.0156596842733,-93.407420935058
2026-06-01 13:20:00,31.7537285852642,-94.3194449187786
2026-06-01 13:21:00,35.485156588111,-95.2866474426846
2026-06-01 13:22:00,39.2088392347203,-96.323061479263
2026-06-01 13:23:00,42.923449166236,-97.4468002926364
2026-06-01 13:24:00,46.6273184351461,-98.681788421715
2026-06-01 13:25:00,50.3182556470418,-100.060415218821
2026-06-01 13:26:00,53.993253796002,-101.627733999804
2026-06-01 13:27:00,57.6480044369941,-103.448352839958
2026-06-01 13:28:00,61.2760543691361,-105.618203409838
2026-06-01 13:29:00,64.8672665418076,-108.285581841185
2026-06-01 13:30:00,68.4048359688074,-111.690691049792
2026-06-01 13:31:00,71.8590879048043,-116.243833848987
2026-06-01 13:32:00,75.1735627747489,-122.686027962667
2026-06-01 13:33:00,78.2315944753676,-132.409606054894
2026-06-01 13:34:00,80.7765925815576,-147.889009916492
2026-06-01 13:35:00,82.2848535805804,-171.654315923052
2026-06-01 13:36:00,82.1364291478886,160.231012594476
2026-06-01 13:37:00,80.4081789262295,137.860406290253
2026-06-01 13:38:00,77.751257579176,123.555168796329
2026-06-01 13:39:00,74.6396894947452,114.515926859219
2026-06-01 13:40:00,71.2983081541453,108.461521547114
2026-06-01 13:41:00,67.8299381882041,104.139009300434
2026-06-01 13:42:00,64.2850189967372,100.87919128855
2026-06-01 13:43:00,60.6904068213225,98.3081849140259
2026-06-01 13:44:00,57.0614760365562,96.2050847220839
2026-06-01 13:45:00,53.4075820831541,94.4323814378087
2026-06-01 13:46:00,49.7347222784202,92.9004862305729
2026-06-01 13:47:00,46.0469229358287,91.5486920480752
2026-06-01 13:48:00,42.3470054030758,90.3344403019662
2026-06-01 13:49:00,38.6370311917569,89.2269915082673
2026-06-01 13:50:00,34.9185729198652,88.2035445946135
2026-06-01 13:51:00,31.192886061649,87.2467707051436
2026-06-01 13:52:00,27.4610181955209,86.3431964645218
2026-06-01 13:53:00,23.7238785286335,85.4821122206834
2026-06-01 13:54:00,19.9822840648499,84.6548142097388
2026-06-01 13:55:00,16.236994546663,83.8540666199985
2026-06-01 13:56:00,12.4887334376976,83.0737080144998
2026-06-01 13:57:00,8.73820160087553,82.308354035907
2026-06-01 13:58:00,4.98608725802031,81.5531653798455
2026-06-01 13:59:00,1.23307176536159,80.8036589282146
2026-06-01 14:00:00,-2.52016714510084,80.0555465270892
2026-06-01 14:01:00,-6.27295250999027,79.3045865203078
2026-06-01 14:02:00,-10.0246057901663,78.5464403525881
2026-06-01 14:03:00,-13.7744439387445,77.7765213273423
2026-06-01 14:04:00,-17.5217751174525,76.9898251772272
2026-06-01 14:05:00,-21.265891809304,76.18072869067
2026-06-01 14:06:00,-25.0060601592954,75.3427386068259
2026-06-01 14:07:00,-28.7415035556778,74.4681656680411
2026-06-01 14:08:00,-32.4713779349214,73.5476873780499
2026-06-01 14:09:00,-36.1947349814258,72.5697443862692
2026-06-01 14:10:00,-39.9104671357171,71.5196846844204
2026-06-01 14:11:00,-43.6172247550676,70.3785191010347
2026-06-01 14:12:00,-47.3132892027701,69.1210574549866
2026-06-01 14:13:00,-50.9963743386244,67.7130383922399
2026-06-01 14:14:00,-54.6633072482249,66.1065579403821
2026-06-01 14:15:00,-58.3094946835023,64.2325187260337
2026-06-01 14:16:00,-61.9279887250195,61.9876324239126
2026-06-01 14:17:00,-65.5077645367953,59.2109837402498
2026-06-01 14:18:00,-69.0303425047847,55.6395815781428
2026-06-01 14:19:00,-72.4626732614881,50.8197246102195
2026-06-01 14:20:00,-75.7409570131854,43.9244488981363
2026-06-01 14:21:00,-78.7314726345042,33.3978037185919
2026-06-01 14:22:00,-81.1393151818113,16.5754394174748
2026-06-01 14:23:00,-82.3906104687858,-8.564491936649
2026-06-01 14:24:00,-81.9284099738739,-36.3132909270791
2026-06-01 14:25:00,-79.986805812975,-57.1543893245677
2026-06-01 14:26:00,-77.2225333135163,-70.309567643142
2026-06-01 14:27:00,-74.0569567986763,-78.6899026336357
2026-06-01 14:28:00,-70.6853318695062,-84.3687467692369
2026-06-01 14:29:00,-67.1977721120173,-88.4657420528402
2026-06-01 14:30:00,-63.6391433405887,-91.582240234405
2026-06-01 14:31:00,-60.0336698619892,-94.0575255229039
2026-06-01 14:32:00,-56.3953884307439,-96.0940059088165
2026-06-01 14:33:00,-52.7329324364711,-97.8187582869746
2026-06-01 14:34:00,-49.0518915967013,-99.3151888645657
2026-06-01 14:35:00,-45.3560559207726,-100.640176562948
2026-06-01 14:36:00,-41.648109978069,-101.833819419504
2026-06-01 14:37:00,-37.9300395091584,-102.925222843088
2026-06-01 14:38:00,-34.2033797458657,-103.936073272988
2026-06-01 14:39:00,-30.4693716658436,-104.882922184699
2026-06-01 14:40:00,-26.7290632967298,-105.778691672369
2026-06-01 14:41:00,-22.9833767220456,-106.633695564426
2026-06-01 14:42:00,-19.2331526530753,-107.456350801715
2026-06-01 14:43:00,-15.4791801731787,-108.253686194266
2026-06-01 14:44:00,-11.7222165961369,-109.031716673896
2026-06-01 14:45:00,-7.96300031054111,-109.795726398673
2026-06-01 14:46:00,-4.20225894149361,-110.550492993143
2026-06-01 14:47:00,-0.440714479531172,-111.30047045175
2026-06-01 14:48:00,3.32091351413541,-112.049948547872
2026-06-01 14:49:00,7.08190569083753,-112.803200037691
2026-06-01 14:50:00,10.8415408463799,-113.564626656993
2026-06-01 14:51:00,14.5990932431288,-114.338914560733
2026-06-01 14:52:00,18.3538280730876,-115.131210963828
2026-06-01 14:53:00,22.1049939794306,-115.94733642658
2026-06-01 14:54:00,25.8518113935712,-116.794052133436
2026-06-01 14:55:00,29.5934545360013,-117.679409659595
2026-06-01 14:56:00,33.329024191768,-118.61322245788
2026-06-01 14:57:00,37.0575071187509,-119.607722820396
2026-06-01 14:58:00,40.7777152383896,-120.678497131886
2026-06-01 14:59:00,44.4881937499731,-121.845857483262
2026-06-01 15:00:00,48.1870805565539,-123.136907856064
2026-06-01 15:01:00,51.8718845516703,-124.588752543311
2026-06-01 15:02:00,55.5391240676716,-126.253648644751
2026-06-01 15:03:00,59.1837168886265,-128.207599655744
2026-06-01 15:04:00,62.7979002369237,-130.565310793005
2026-06-01 15:05:00,66.3692111155292,-133.507483679375
2026-06-01 15:06:00,69.8764590416967,-137.333245412486
2026-06-01 15:07:00,73.2810836274215,-142.565836802969
2026-06-01 15:08:00,76.5071368841165,-150.170256079681
2026-06-01 15:09:00,79.3925123994132,-161.955434022776
2026-06-01 15:10:00,81.5814018705818,179.216236296337
2026-06-01 15:11:00,82.443783212815,152.484284754109
2026-06-01 15:12:00,81.5633002901418,125.815182807294
2026-06-01 15:13:00,79.3643571467726,107.082298399308
2026-06-01 15:14:00,76.4750490547779,95.359067255607
2026-06-01 15:15:00,73.2482284337537,87.7896213106674
2026-06-01 15:16:00,69.8445671145721,82.5773014986606
2026-06-01 15:17:00,66.3393940742339,78.7639910608322
2026-06-01 15:18:00,62.7709843268375,75.8299168652075
2026-06-01 15:19:00,59.1603813680227,73.4777457286665
2026-06-01 15:20:00,55.5199626240236,71.5277544128436
2026-06-01 15:21:00,51.8574344024799,69.8658011162208
2026-06-01 15:22:00,48.1778366490226,68.416223137149
2026-06-01 15:23:00,44.4846152097762,67.1269783943292
2026-06-01 15:24:00,40.7802280163443,65.9611035081515
2026-06-01 15:25:00,37.0665044303522,64.8915898539696
2026-06-01 15:26:00,33.3448665050587,63.8981918142553
2026-06-01 15:27:00,29.6164704605654,62.9653711896071
2026-06-01 15:28:00,25.8822971449405,62.080932435889
2026-06-01 15:29:00,22.1432113641142,61.2350906679869
2026-06-01 15:30:00,18.4000021428905,60.4198186034272
2026-06-01 15:31:00,14.6534106234213,59.6283752452663
2026-06-01 15:32:00,10.9041484851535,58.8549586849606
2026-06-01 15:33:00,7.15290979535075,58.0944401609557
2026-06-01 15:34:00,3.40037844898503,57.3421525584283
2026-06-01 15:35:00,-0.352767132946066,56.5937142895096
2026-06-01 15:36:00,-4.10585082087084,55.8448749691309
2026-06-01 15:37:00,-7.85819605179244,55.091370786507
2026-06-01 15:38:00,-11.609123319014,54.3287785986933
2026-06-01 15:39:00,-15.3579471126629,53.5523582862382
2026-06-01 15:40:00,-19.1039705398923,52.7568714666623
2026-06-01 15:41:00,-22.8464770739968,51.936362296926
2026-06-01 15:42:00,-26.5847178807692,51.0838772114217
2026-06-01 15:43:00,-30.3178923884682,50.1910978112162
2026-06-01 15:44:00,-34.0451187687469,49.2478414164649
2026-06-01 15:45:00,-37.7653897955131,48.2413639471051
2026-06-01 15:46:00,-41.4775074607577,47.155360598018
2026-06-01 15:47:00,-45.1799844018258,45.9684945401157
2026-06-01 15:48:00,-48.8708915564841,44.652168812588
2026-06-01 15:49:00,-52.5476166985388,43.1670462081262
2026-06-01 15:50:00,-56.2064689251312,41.4574246769655
2026-06-01 15:51:00,-59.8420063003155,39.4417887410723
2026-06-01 15:52:00,-63.4458348506134,36.9962336418582
2026-06-01 15:53:00,-67.0043371995427,33.9239417664481
2026-06-01 15:54:00,-70.4940867713922,29.8960211963696
2026-06-01 15:55:00,-73.8718717170158,24.3314145561923
2026-06-01 15:56:00,-77.0513029745032,16.150596949934
2026-06-01 15:57:00,-79.8458203670624,3.3467049078457
2026-06-01 15:58:00,-81.8506040891854,-16.9964143922816
2026-06-01 15:59:00,-82.4121224799532,-44.5476540032941
2026-06-01 16:00:00,-81.2478772154173,-70.0967303221866
2026-06-01 16:01:00,-78.8870366685312,-87.3739875486462
2026-06-01 16:02:00,-75.9182410078533,-98.17932197392
2026-06-01 16:03:00,-72.649802648106,-105.231776143368
2026-06-01 16:04:00,-69.2215563386489,-110.143695960136
2026-06-01 16:05:00,-65.6999321401313,-113.772234819279
2026-06-01 16:06:00,-62.1191878947157,-116.586321567907
2026-06-01 16:07:00,-58.4984088915791,-118.856901724148
2026-06-01 16:08:00,-54.8489503888706,-120.749271127319
2026-06-01 16:09:00,-51.1779560510493,-122.369259182668
2026-06-01 16:10:00,-47.4901446924029,-123.787508134809
2026-06-01 16:11:00,-43.7887760824017,-125.052900832293
2026-06-01 16:12:00,-40.0762019174206,-126.200341315628
2026-06-01 16:13:00,-36.354194325882,-127.255454842252
2026-06-01 16:14:00,-32.6241494765536,-128.237533914242
2026-06-01 16:15:00,-28.8872176785726,-129.161445880361
2026-06-01 16:16:00,-25.1443878483194,-130.038907601492
2026-06-01 16:17:00,-21.3965437429803,-130.87935854274
2026-06-01 16:18:00,-17.644501695582,-131.690576419028
2026-06-01 16:19:00,-13.8890356684124,-132.479122492248
2026-06-01 16:20:00,-10.1308939287431,-133.250673236793
2026-06-01 16:21:00,-6.37080993119569,-134.010275528773
2026-06-01 16:22:00,-2.60950913727476,-134.76255074969
2026-06-01 16:23:00,1.15228687329868,-135.511866335799
2026-06-01 16:24:00,4.91385789633981,-136.262488642951
2026-06-01 16:25:00,8.6744832515927,-137.018728570951
2026-06-01 16:26:00,12.4334397516233,-137.785089577106
2026-06-01 16:27:00,16.1899980564551,-138.566431504393
2026-06-01 16:28:00,19.9434170220692,-139.36815963174
2026-06-01 16:29:00,23.6929347418395,-140.196457805368
2026-06-01 16:30:00,27.4377541564858,-141.058586786836
2026-06-01 16:31:00,31.1770214743932,-141.963280025406
2026-06-01 16:32:00,34.909794298296,-142.9212848215
2026-06-01 16:33:00,38.6349939112508,-143.946122830791
2026-06-01 16:34:00,42.3513330178371,-145.055187039816
2026-06-01 16:35:00,46.057205505697,-146.271367633521
2026-06-01 16:36:00,49.7505158242716,-147.62553262675
2026-06-01 16:37:00,53.4284070764799,-149.160432479836
2026-06-01 16:38:00,57.0868121293766,-150.937070663523
2026-06-01 16:39:00,60.7196811902359,-153.045513111412
2026-06-01 16:40:00,64.3175835839145,-155.624073196914
2026-06-01 16:41:00,67.8650239228865,-158.895083194809
2026-06-01 16:42:00,71.3349262313963,-163.235097484623
2026-06-01 16:43:00,74.6764024116475,-169.318546753012
2026-06-01 16:44:00,77.7856202268049,-178.408522616518
2026-06-01 16:45:00,80.4354503994934,167.199132303511
2026-06-01 16:46:00,82.1481255889307,144.720579310963
2026-06-01 16:47:00,82.2742830693516,116.596903828827
2026-06-01 16:48:00,80.7491670797457,92.9377574072688
2026-06-01 16:49:00,78.1961903345025,77.551834043821
2026-06-01 16:50:00,75.1353354420574,67.882853295128
2026-06-01 16:51:00,71.8206427177265,61.4713550635007
2026-06-01 16:52:00,68.3676585883734,56.9363075349583
2026-06-01 16:53:00,64.8323541854237,53.5425147485893
2026-06-01 16:54:00,61.2441718665037,50.8826072603602
2026-06-01 16:55:00,57.6197933851961,48.7179256077396
2026-06-01 16:56:00,53.9692819422554,46.9010308076267
2026-06-01 16:57:00,50.299039715126,45.3364921423808
2026-06-01 16:58:00,46.613334430208,43.9600083924306
2026-06-01 16:59:00,42.915136631673,42.7267220383956
2026-06-01 17:00:00,39.2066040144326,41.6043752684125
2026-06-01 17:01:00,35.4893738232226,40.5691341101958
2026-06-01 17:02:00,31.764742661076,39.6029497071809
2026-06-01 17:03:00,28.0337818293094,38.6918360764196
2026-06-01 17:04:00,24.2974150814874,37.8247131844446
2026-06-01 17:05:00,20.5564703045177,36.9926075091172
2026-06-01 17:06:00,16.8117135544188,36.1880852663504
2026-06-01 17:07:00,13.0638719523021,35.4048400072751
2026-06-01 17:08:00,9.31364884233746,34.6373831438468
2026-06-01 17:09:00,5.56173360303219,33.8808036569034
2026-06-01 17:10:00,1.80880765556298,33.1305736515258
2026-06-01 17:11:00,-1.94445143261708,32.3823840898877
2026-06-01 17:12:00,-5.69736703095456,31.6319947823865
2026-06-01 17:13:00,-9.44926151596461,30.8750909545394
2026-06-01 17:14:00,-13.1994533775922,30.1071334671312
2026-06-01 17:15:00,-16.9472531305973,29.3231929689259
2026-06-01 17:16:00,-20.6919569269547,28.5177546842162
2026-06-01 17:17:00,-24.4328363127357,27.6844761306079
2026-06-01 17:18:00,-28.1691228351519,26.8158743904941
2026-06-01 17:19:00,-31.8999843305641,25.9029087337529
2026-06-01 17:20:00,-35.6244905703942,24.9344068722024
2026-06-01 17:21:00,-39.3415624465011,23.8962550315107
2026-06-01 17:22:00,-43.0498937500012,22.7702245592295
2026-06-01 17:23:00,-46.7478319459202,21.5322216911631
2026-06-01 17:24:00,-50.4331933998453,20.1496058174034
2026-06-01 17:25:00,-54.1029669232497,18.5769403998853
2026-06-01 17:26:00,-57.7528209847539,16.7490158613192
2026-06-01 17:27:00,-61.376248887618,14.5689186225578
2026-06-01 17:28:00,-64.9630051529504,11.8866774164528
2026-06-01 17:29:00,-68.4960696740243,8.45908360628916
2026-06-01 17:30:00,-71.9453270943774,3.87014882824891
2026-06-01 17:31:00,-75.2533571528968,-2.63234380356956
2026-06-01 17:32:00,-78.3012685571987,-12.4621308807984
2026-06-01 17:33:00,-80.8274307886699,-28.1203763631518
2026-06-01 17:34:00,-82.3009426278971,-52.0801092031725
2026-06-01 17:35:00,-82.1085666892622,-80.1619654759329
2026-06-01 17:36:00,-80.349034351149,-102.321729474956
2026-06-01 17:37:00,-77.6754939431043,-116.462841481283
2026-06-01 17:38:00,-74.5545701593376,-125.40806567607
2026-06-01 17:39:00,-71.2067928552588,-131.409346484813
2026-06-01 17:40:00,-67.7331467247569,-135.700295778211
2026-06-01 17:41:00,-64.1832778598006,-138.940284355521
2026-06-01 17:42:00,-60.5836785749694,-141.498215118083
2026-06-01 17:43:00,-56.9495478644842,-143.592350198785
2026-06-01 17:44:00,-53.2901557310746,-145.358718875104
2026-06-01 17:45:00,-49.6114600727584,-146.886038743005
2026-06-01 17:46:00,-45.9174731671497,-148.234481761235
2026-06-01 17:47:00,-42.2110185219368,-149.446265646026
2026-06-01 17:48:00,-38.4941712660164,-150.551905122382
2026-06-01 17:49:00,-34.7685249216362,-151.574049890384
2026-06-01 17:50:00,-31.0353591749212,-152.529925152584
2026-06-01 17:51:00,-27.2957479865133,-153.432933356336
2026-06-01 17:52:00,-23.5506304033126,-154.293735999387
2026-06-01 17:53:00,-19.8008579872047,-155.12100406191
2026-06-01 17:54:00,-16.0472267522685,-155.921952490919
2026-06-01 17:55:00,-12.2904983170852,-156.702731938767
2026-06-01 17:56:00,-8.53141357074933,-157.468723680871
2026-06-01 17:57:00,-4.77070165241494,-158.224771481541
2026-06-01 17:58:00,-1.00908569290443,-158.975369417876
2026-06-01 17:59:00,2.75271381983792,-159.724824296493
2026-06-01 18:00:00,6.51397688169811,-160.477404175417
2026-06-01 18:01:00,10.273982054444,-161.237483964286
2026-06-01 18:02:00,14.0320041457971,-162.009698647011
2026-06-01 18:03:00,17.7873099928673,-162.799115660858
2026-06-01 18:04:00,21.539151193327,-163.611440682989
2026-06-01 18:05:00,25.2867526402958,-164.453275426151
2026-06-01 18:06:00,29.0292958168091,-165.332453081751
2026-06-01 18:07:00,32.7658940350437,-166.258488139514
2026-06-01 18:08:00,36.4955545705962,-167.243200846125
2026-06-01 18:09:00,40.2171211335542,-168.30160245777
2026-06-01 18:10:00,43.9291871920087,-169.453187922344
2026-06-01 18:11:00,47.6299636961059,-170.723874777544
2026-06-01 18:12:00,51.3170718053433,-172.148999921645
2026-06-01 18:13:00,54.9872083308292,-173.778107101376
2026-06-01 18:14:00,58.6355831984876,-175.682883657558
2026-06-01 18:15:00,62.254931522288,-177.970879956941
2026-06-01 18:16:00,65.83368230535,179.189639203945
2026-06-01 18:17:00,69.3523433851649,175.522334720074
2026-06-01 18:18:00,72.7758334887398,170.547957423161
2026-06-01 18:19:00,76.03592024064,163.388954670702
2026-06-01 18:20:00,78.9885803239618,152.395435547719
2026-06-01 18:21:00,81.3164472020512,134.816161511173
2026-06-01 18:22:00,82.4218062231909,109.014858197046
2026-06-01 18:23:00,81.7955703828642,81.6176004070413
2026-06-01 18:24:00,79.7504664135565,61.6013705086542
2026-06-01 18:25:00,76.9363444745176,49.0216136612694
2026-06-01 18:26:00,73.7472659606256,40.967207754357
2026-06-01 18:27:00,70.3643109509653,35.474822654317
2026-06-01 18:28:00,66.8715376797768,31.4904961851667
2026-06-01 18:29:00,63.311128008789,28.4460337248522
2026-06-01 18:30:00,59.7060162177699,26.0191235001842
2026-06-01 18:31:00,56.06956529793,24.0164869618942
2026-06-01 18:32:00,52.4100286145369,22.3162272284738
2026-06-01 18:33:00,48.7327658045028,20.8380258331313
2026-06-01 18:34:00,45.0414180770229,19.5269255659986
2026-06-01 18:35:00,41.338567473179,18.3440703339317
2026-06-01 18:36:00,37.6261240245129,17.2611831886911
2026-06-01 18:37:00,33.9055618434871,16.2571457276821
2026-06-01 18:38:00,30.1780692853957,15.3158063756225
2026-06-01 18:39:00,26.4446473786682,14.4245305137081
2026-06-01 18:40:00,22.7061745417901,13.5732141217805
2026-06-01 18:41:00,18.9634494524544,12.753596188568
2026-06-01 18:42:00,15.2172196194538,11.9587643482386
2026-06-01 18:43:00,11.4682003896024,11.1827919074393
2026-06-01 18:44:00,7.71708806926562,10.4204610287574
2026-06-01 18:45:00,3.96456858506557,9.66704453920743
2026-06-01 18:46:00,0.211322267494599,8.9181259015979
2026-06-01 18:47:00,-3.54197342005113,8.16944233468998
2026-06-01 18:48:00,-7.29464133022986,7.41673931642254
2026-06-01 18:49:00,-11.0460022092277,6.65562548314779
2026-06-01 18:50:00,-14.7953711079427,5.88141725534488
2026-06-01 18:51:00,-18.5420525577785,5.08896168642589
2026-06-01 18:52:00,-22.2853330304515,4.27242415570286
2026-06-01 18:53:00,-26.0244686111592,3.42501858914217
2026-06-01 18:54:00,-29.7586665605072,2.53865568322822
2026-06-01 18:55:00,-33.4870579503107,1.60346632660831
2026-06-01 18:56:00,-37.2086566756492,0.607139251332021
2026-06-01 18:57:00,-40.9222979411427,-0.466024816321791
2026-06-01 18:58:00,-44.6265449974398,-1.63649997885829
2026-06-01 18:59:00,-48.3195459042403,-2.93162614036856
2026-06-01 19:00:00,-51.9988084371827,-4.38885926851525
2026-06-01 19:01:00,-55.6608337426947,-6.06099683949226
2026-06-01 19:02:00,-59.30049626975,-8.02490307754891
2026-06-01 19:03:00,-62.9099453173668,-10.3967115890831
2026-06-01 19:04:00,-66.4765466821964,-13.3596104693974
2026-06-01 19:05:00,-69.9787692575185,-17.2172833674731
2026-06-01 19:06:00,-73.3773394451728,-22.5017507190104
2026-06-01 19:07:00,-76.5947157708915,-30.1953053536031
2026-06-01 19:08:00,-79.4650780143522,-42.1371210531291
2026-06-01 19:09:00,-81.6250194519912,-61.2023096772226
2026-06-01 19:10:00,-82.439689115578,-88.0785596466251
2026-06-01 19:11:00,-81.5124000867281,-114.579182571302
2026-06-01 19:12:00,-79.2857299111954,-133.073671187606
2026-06-01 19:13:00,-76.3819862663784,-144.645073190242
2026-06-01 19:14:00,-73.1465880959602,-152.129680201864
2026-06-01 19:15:00,-69.7367053487461,-157.293290698262
2026-06-01 19:16:00,-66.2261910924793,-161.07702416327
2026-06-01 19:17:00,-62.6526688745536,-163.992150270998
2026-06-01 19:18:00,-59.0368758838438,-166.33162597711
2026-06-01 19:19:00,-55.3910391304148,-168.272802388615
2026-06-01 19:20:00,-51.7227907321016,-169.92846633977
2026-06-01 19:21:00,-48.0371369792748,-171.373469327732
2026-06-01 19:22:00,-44.3375136967295,-172.659347568119
2026-06-01 19:23:00,-40.6263839110054,-173.822737829359
2026-06-01 19:24:00,-36.9055922313834,-174.890431422889
2026-06-01 19:25:00,-33.1765823094491,-175.882526174259
2026-06-01 19:26:00,-29.4405353465667,-176.814458123075
2026-06-01 19:27:00,-25.6984604834978,-177.698352735624
2026-06-01 19:28:00,-21.95125485453,-178.543946211745
2026-06-01 19:29:00,-18.1997436109539,-179.359233154187
2026-06-01 19:30:00,-14.4447066860268,179.849066258863
2026-06-01 19:31:00,-10.6868963463604,179.075160514512
2026-06-01 19:32:00,-6.92704799200555,178.313922290061
2026-06-01 19:33:00,-3.16588708673176,177.560677757005
2026-06-01 19:34:00,0.59586569288971,176.811030978333
2026-06-01 19:35:00,4.35749118686903,176.060708945441
2026-06-01 19:36:00,8.11826975419912,175.305415475012
2026-06-01 19:37:00,11.8774791689962,174.540684383734
2026-06-01 19:38:00,15.6343913531689,173.761718505826
2026-06-01 19:39:00,19.3882674032929,172.963205442524
2026-06-01 19:40:00,23.1383490748643,172.139092024821
2026-06-01 19:41:00,26.8838457459325,171.282297320743
2026-06-01 19:42:00,30.623914412121,170.384333687852
2026-06-01 19:43:00,34.357629040683,169.434790916483
2026-06-01 19:44:00,38.0839351528096,168.420614146291
2026-06-01 19:45:00,41.8015820013509,167.325066317384
2026-06-01 19:46:00,45.5090193356402,166.126196884154
2026-06-01 19:47:00,49.2042375445682,164.79451585844
2026-06-01 19:48:00,52.8845141932886,163.289350397958
2026-06-01 19:49:00,56.5459986184202,161.552932476549
2026-06-01 19:50:00,60.1830007450929,159.500430741106
2026-06-01 19:51:00,63.7867143830821,157.002381536928
2026-06-01 19:52:00,67.3427897353098,153.852177984484
2026-06-01 19:53:00,70.826397343783,149.70274587236
2026-06-01 19:54:00,74.1914088663926,143.93757949009
2026-06-01 19:55:00,77.3448672222417,135.407392967153
2026-06-01 19:56:00,80.0849362843014,121.99171035412
2026-06-01 19:57:00,81.9782126827503,100.795802956027
2026-06-01 19:58:00,82.3675502970465,72.9400688106428
2026-06-01 19:59:00,81.0548543717036,48.1162013874987
2026-06-01 20:00:00,78.6142183181237,31.6174460012468
2026-06-01 20:01:00,75.6080011316449,21.2846964146742
2026-06-01 20:02:00,72.3217267543643,14.4978155088031
2026-06-01 20:03:00,68.884934350459,9.74105617334834
2026-06-01 20:04:00,65.3596406615596,6.20855890751837
2026-06-01 20:05:00,61.7780829697718,3.45720077732053
2026-06-01 20:06:00,58.1583407341698,1.22950073547546
2026-06-01 20:07:00,54.5112267559832,-0.632428658296893
2026-06-01 20:08:00,50.8435694388759,-2.23012283061561
2026-06-01 20:09:00,47.1598912892719,-3.63161599053396
2026-06-01 20:10:00,43.4633212580481,-4.88414118664331
2026-06-01 20:11:00,39.756117464423,-6.0215211244122
2026-06-01 20:12:00,36.0399812522193,-7.0686510003527
2026-06-01 20:13:00,32.3162510287829,-8.04431680009516
2026-06-01 20:14:00,28.5860265641596,-8.96302735097606
2026-06-01 20:15:00,24.8502509805294,-9.83624021252435
2026-06-01 20:16:00,21.1097642614954,-10.6732043247179
2026-06-01 20:17:00,17.3653401256596,-11.4815550934445
2026-06-01 20:18:00,13.6177105011182,-12.2677463937313
2026-06-01 20:19:00,9.8675819642133,-13.0373730677507
2026-06-01 20:20:00,6.11564662219367,-13.7954199301253
2026-06-01 20:21:00,2.36258822259754,-14.5464621672912
2026-06-01 20:22:00,-1.39091417467697,-15.2948331419671
2026-06-01 20:23:00,-5.1441827179885,-16.0447757501783
2026-06-01 20:24:00,-8.89653840189319,-16.8005860333527
2026-06-01 20:25:00,-12.6472988299994,-17.5667615845894
2026-06-01 20:26:00,-16.395774604501,-18.3481643605113
2026-06-01 20:27:00,-20.1412632576757,-19.1502110193445
2026-06-01 20:28:00,-23.8830397548943,-19.9791071704154
2026-06-01 20:29:00,-27.6203419673058,-20.8421480182931
2026-06-01 20:30:00,-31.3523484207393,-21.7481177597897
2026-06-01 20:31:00,-35.0781454817281,-22.7078361955639
2026-06-01 20:32:00,-38.796678490702,-23.7349277657601
2026-06-01 20:33:00,-42.5066785942929,-24.8469313606119
2026-06-01 20:34:00,-46.2065516276759,-26.0669490427626
2026-06-01 20:35:00,-49.8942051886715,-27.4261614856166
2026-06-01 20:36:00,-53.5667720933447,-28.9677938371658
2026-06-01 20:37:00,-57.2201537058819,-30.7535915215619
2026-06-01 20:38:00,-60.8482325062732,-32.8748245202714
2026-06-01 20:39:00,-64.4414445218141,-35.4718460072422
2026-06-01 20:40:00,-67.9840350060346,-38.7706208876405
2026-06-01 20:41:00,-71.4484039112414,-43.1545251470454
2026-06-01 20:42:00,-74.7825361018698,-49.3113853368782
2026-06-01 20:43:00,-77.8800103140541,-58.530320797714
2026-06-01 20:44:00,-80.5077329538688,-73.1445350636088
2026-06-01 20:45:00,-82.1781569802793,-95.8955886079728
2026-06-01 20:46:00,-82.246125875345,-124.036713969141
2026-06-01 20:47:00,-80.6762347050859,-147.427986304159
2026-06-01 20:48:00,-78.0992393595743,-162.580710114472
2026-06-01 20:49:00,-75.0254598754747,-172.113470537158
2026-06-01 20:50:00,-71.7025404329985,-178.448208193594
2026-06-01 20:51:00,-68.2432464060165,177.062053427586
2026-06-01 20:52:00,-64.702356142526,173.696564601032
2026-06-01 20:53:00,-61.1087673637048,171.055251431596
2026-06-01 20:54:00,-57.4788973129543,168.90330037121
2026-06-01 20:55:00,-53.8226756069222,167.095411662001
2026-06-01 20:56:00,-50.146438148923,165.537407716439
2026-06-01 20:57:00,-46.4544244559208,164.165754403396
2026-06-01 20:58:00,-42.749599215886,162.936081691112
2026-06-01 20:59:00,-39.0341270431157,161.816450149875
2026-06-01 21:00:00,-35.3096591165225,160.783239814194
2026-06-01 21:01:00,-31.5775128433364,159.818548652214
2026-06-01 21:02:00,-27.8387867918449,158.908492718611
2026-06-01 21:03:00,-24.0944360540475,158.042062823183
2026-06-01 21:04:00,-20.3453225511653,157.210334240898
2026-06-01 21:05:00,-16.5922488072642,156.405905830091
2026-06-01 21:06:00,-12.835980263404,155.622490916821
2026-06-01 21:07:00,-9.07726005733748,154.854610681631
2026-06-01 21:08:00,-5.3168187976728,154.097354293863
2026-06-01 21:09:00,-1.5553800133219,153.346186168453
2026-06-01 21:10:00,2.20633622614801,152.596780827992
2026-06-01 21:11:00,5.96761115853103,151.844873220347
2026-06-01 21:12:00,9.72772499150156,151.08611295119
2026-06-01 21:13:00,13.4859543525088,150.315912849825
2026-06-01 21:14:00,17.2415687968579,149.529280024094
2026-06-01 21:15:00,20.9938236819748,148.720615695476
2026-06-01 21:16:00,24.741949857809,147.883466482864
2026-06-01 21:17:00,28.4851380615691,147.010202292535
2026-06-01 21:18:00,32.2225148892928,146.091586308483
2026-06-01 21:19:00,35.9531069885216,145.116180471258
2026-06-01 21:20:00,39.6757869216806,144.069505569603
2026-06-01 21:21:00,43.3891915981142,142.932819859506
2026-06-01 21:22:00,47.0915984466227,141.681295335281
2026-06-01 21:23:00,50.7807317901967,140.281210314588
2026-06-01 21:24:00,54.4534516893259,138.685487195558
2026-06-01 21:25:00,58.105233320827,136.826338235229
2026-06-01 21:26:00,61.7292595264175,134.60263434164
2026-06-01 21:27:00,65.3147532610809,131.857187196507
2026-06-01 21:28:00,68.8437177271472,128.333779861418
2026-06-01 21:29:00,72.2840962221284,123.591699885197
2026-06-01 21:30:00,75.5742791089229,116.829862401792
2026-06-01 21:31:00,78.5856866984549,106.541547449677
2026-06-01 21:32:00,81.0349511219783,90.116500877084
2026-06-01 21:33:00,82.3624511499416,65.3648198135719
2026-06-01 21:34:00,81.9905102289479,37.4842822470278
2026-06-01 21:35:00,80.1091926280125,16.2054057147828
2026-06-01 21:36:00,77.3758715722535,2.72896185254736
2026-06-01 21:37:00,74.226837481477,-5.83585459928992
2026-06-01 21:38:00,70.8654842378979,-11.6207342666034
2026-06-01 21:39:00,67.3854302699884,-15.7819753766529
2026-06-01 21:40:00,63.8330884518146,-18.9396420485137
2026-06-01 21:41:00,60.2334159885606,-21.4426243233788
2026-06-01 21:42:00,56.6008196058734,-23.4985019071539
2026-06-01 21:43:00,52.9441273877963,-25.2372872943393
2026-06-01 21:44:00,49.2690326510955,-26.7441359365702
2026-06-01 21:45:00,45.5793784864175,-28.0770149606269
2026-06-01 21:46:00,41.877872952118,-29.2767246212508
2026-06-01 21:47:00,38.1665068147395,-30.3728379342694
2026-06-01 21:48:00,34.4468077511027,-31.3873609856564
2026-06-01 21:49:00,30.7200003676546,-32.3370681446389
2026-06-01 21:50:00,26.9871097108589,-33.2350389391741
2026-06-01 21:51:00,23.249029727069,-34.0916993009168
2026-06-01 21:52:00,19.5065689922305,-34.9155452494603
2026-06-01 21:53:00,15.7604818537292,-35.7136613536826
2026-06-01 21:54:00,12.0114886769576,-36.4921000217373
2026-06-01 21:55:00,8.26028906538279,-37.2561687952434
2026-06-01 21:56:00,4.50757114993101,-38.0106554422251
2026-06-01 21:57:00,0.754017226692134,-38.7600128356967
2026-06-01 21:58:00,-2.99969322083381,-39.5085186819225
2026-06-01 21:59:00,-6.75288110495555,-40.2604218966162
2026-06-01 22:00:00,-10.5048651850362,-41.0200871566568
2026-06-01 22:01:00,-14.2549593829209,-41.7921481402493
2026-06-01 22:02:00,-18.0024682464285,-42.581680387176
2026-06-01 22:03:00,-21.7466794917785,-43.394407559611
2026-06-01 22:04:00,-25.4868524990369,-44.2369620873026
2026-06-01 22:05:00,-29.222201191072,-45.1172227892864
2026-06-01 22:06:00,-32.9518680671695,-46.0447704157956
2026-06-01 22:07:00,-36.674885001585,-47.0315185188023
2026-06-01 22:08:00,-40.3901153928366,-48.0926110506198
2026-06-01 22:09:00,-44.0961667969507,-49.2477334200975
2026-06-01 22:10:00,-47.7912566538097,-50.5230812517655
2026-06-01 22:11:00,-51.4730016195375,-51.9544068490012
2026-06-01 22:12:00,-55.1380760432552,-53.5918918234898
2026-06-01 22:13:00,-58.7816380872625,-55.5082368561299
2026-06-01 22:14:00,-62.3963198448137,-57.8126689316507
2026-06-01 22:15:00,-65.9703523619521,-60.676358931463
2026-06-01 22:16:00,-69.4838554173275,-64.3809561957135
2026-06-01 22:17:00,-72.9009442169642,-69.4159334590648
2026-06-01 22:18:00,-76.1516007592367,-76.6791587233575
2026-06-01 22:19:00,-79.0876122729797,-87.8579524373833
2026-06-01 22:20:00,-81.3825446253745,-105.734275416391
2026-06-01 22:21:00,-82.429886135201,-131.776462895718
2026-06-01 22:22:00,-81.7406326833186,-159.017959372804
2026-06-01 22:23:00,-79.6558150735817,-178.721268075397
2026-06-01 22:24:00,-76.8211174253178,168.91230204278
2026-06-01 22:25:00,-73.6203915062821,160.978812575108
2026-06-01 22:26:00,-70.2295630255369,155.55599492509
2026-06-01 22:27:00,-66.7304936089769,151.613938818373
2026-06-01 22:28:00,-63.1643940572703,148.596610419354
2026-06-01 22:29:00,-59.553739457741,146.187954548985
2026-06-01 22:30:00,-55.9116639541795,144.198076770934
2026-06-01 22:31:00,-52.2463043253784,142.50700936331
2026-06-01 22:32:00,-48.5629622706059,141.035587834181
2026-06-01 22:33:00,-44.8652534524093,139.729574677152
2026-06-01 22:34:00,-41.1557531704521,138.550578997366
2026-06-01 22:35:00,-37.4363768038417,137.470634338014
2026-06-01 22:36:00,-33.7086134890482,136.468834564079
2026-06-01 22:37:00,-29.9736739966381,135.529175181436
2026-06-01 22:38:00,-26.2325864189279,134.639123721403
2026-06-01 22:39:00,-22.4862591357904,133.788648338631
2026-06-01 22:40:00,-18.7355235894234,132.969537897374
2026-06-01 22:41:00,-14.9811628969189,132.174913928163
2026-06-01 22:42:00,-11.2239304254477,131.398870589931
2026-06-01 22:43:00,-7.46456224740386,130.636200201728
2026-06-01 22:44:00,-3.70378383770306,129.882175714557
2026-06-01 22:45:00,0.0576850088101818,129.132371449278
2026-06-01 22:46:00,3.81912546176994,128.382506631692
2026-06-01 22:47:00,7.57981855275751,127.628298024757
2026-06-01 22:48:00,11.3390436732089,126.865314121142
2026-06-01 22:49:00,15.0960753296718,126.088817220518
2026-06-01 22:50:00,18.850178692074,125.293583685876
2026-06-01 22:51:00,22.6006015527983,124.473685144323
2026-06-01 22:52:00,26.3465618833719,123.622211909632
2026-06-01 22:53:00,30.0872283371461,122.730909855644
2026-06-01 22:54:00,33.8216912620714,121.789688043875
2026-06-01 22:55:00,37.5489202817063,120.785931951842
2026-06-01 22:56:00,41.2677000844665,119.703520663319
2026-06-01 22:57:00,44.9765333673957,118.521381968199
2026-06-01 22:58:00,48.6734914841997,117.211307222662
2026-06-01 22:59:00,52.3559785006166,115.734542954691
2026-06-01 23:00:00,56.0203449562336,114.036292048307
2026-06-01 23:01:00,59.6612315787218,112.036492451453
2026-06-01 23:02:00,63.27040073423,109.613675336262
2026-06-01 23:03:00,66.8345330141253,106.575310806157
2026-06-01 23:04:00,70.330791720563,102.600465044071
2026-06-01 23:05:00,73.7172098235022,97.1236071575068
2026-06-01 23:06:00,76.9102213292376,89.0959931514559
2026-06-01 23:07:00,79.7298997406189,76.5629827057519
2026-06-01 23:08:00,81.7844410642654,56.6137885861295
2026-06-01 23:09:00,82.4248621852035,29.2463951045666
2026-06-01 23:10:00,81.3324035353083,3.38984817725628
2026-06-01 23:11:00,79.0122461373955,-14.253881992614
2026-06-01 23:12:00,76.0642090347844,-25.2868412826916
2026-06-01 23:13:00,72.8076271843162,-32.4677430987215
2026-06-01 23:14:00,69.3874096367851,-37.4546853130339
2026-06-01 23:15:00,65.8721569656421,-41.1295964267056
2026-06-01 23:16:00,62.2971086943623,-43.9739088288485
2026-06-01 23:17:00,58.681826204731,-46.2650872082078
2026-06-01 23:18:00,55.0379082711882,-48.1720087585609
2026-06-01 23:19:00,51.3726260888431,-49.8025756532915
2026-06-01 23:20:00,47.6907639895224,-51.2286869408549
2026-06-01 23:21:00,43.9956123379694,-52.500018611656
2026-06-01 23:22:00,40.2895322916532,-53.6519921156965
2026-06-01 23:23:00,36.57429135857,-54.7105809440841
2026-06-01 23:24:00,32.8512713385811,-55.6953170114132
2026-06-01 23:25:00,29.1216012348663,-56.6212358322774
2026-06-01 23:26:00,25.3862436030921,-57.5001728324163
2026-06-01 23:27:00,21.6460517693501,-58.341651650109
2026-06-01 23:28:00,17.9018084668622,-59.153509148974
2026-06-01 23:29:00,14.1542516425643,-59.9423470998538
2026-06-01 23:30:00,10.4040915071659,-60.7138677091252
2026-06-01 23:31:00,6.65202213121001,-61.473130629716
2026-06-01 23:32:00,2.8987291951871,-62.2247588984946
2026-06-01 23:33:00,-0.855105361547552,-62.973110539198
2026-06-01 23:34:00,-4.60880158180644,-63.7224323262963
2026-06-01 23:35:00,-8.36167957488024,-64.477003626939
2026-06-01 23:36:00,-12.1130565747254,-65.2412833209552
2026-06-01 23:37:00,-15.8622427229098,-66.020069896494
2026-06-01 23:38:00,-19.608535910272,-66.8186870386197
2026-06-01 23:39:00,-23.3512128888899,-67.643209801686
2026-06-01 23:40:00,-27.089516257779,-68.5007547014757
2026-06-01 23:41:00,-30.8226336513436,-69.3998633494668
2026-06-01 23:42:00,-34.5496666244401,-70.3510241688463
2026-06-01 23:43:00,-38.2695844809228,-71.3674035485353
2026-06-01 23:44:00,-41.9811549096071,-72.4658982942015
2026-06-01 23:45:00,-45.6828390360826,-73.6686899604198
2026-06-01 23:46:00,-49.3726290362212,-75.0056104983936
2026-06-01 23:47:00,-53.0477903613879,-76.5178513415384
2026-06-01 23:48:00,-56.7044380481231,-78.263990292498
2026-06-01 23:49:00,-60.3368102287067,-80.3301730440497
2026-06-01 23:50:00,-63.9359610358752,-82.848090236488
2026-06-01 23:51:00,-67.4872690050995,-86.0283116584144
2026-06-01 23:52:00,-70.9653566633999,-90.2253529935658
2026-06-01 23:53:00,-74.3229191899732,-96.0703934898876
2026-06-01 23:54:00,-77.4642906741119,-104.741867448879
2026-06-01 23:55:00,-80.1812489860795,-118.407421452717
2026-06-01 23:56:00,-82.0285751579616,-139.947058709738
2026-06-01 23:57:00,-82.3486346989168,-167.909406854107
2026-06-01 23:58:00,-80.9772129745937,167.55654395745
2026-06-01 23:59:00,-78.5038992481269,151.356252941984
2026-06-02 00:00:00,-75.4804188348261,141.204957810079
2026-06-02 00:01:00,-72.1836923831686,134.521323321379
2026-06-02 00:02:00,-68.7393760529154,129.825718740044
2026-06-02 00:03:00,-65.2078093212324,126.331554426916
2026-06-02 00:04:00,-61.6204610235928,123.605505210125
2026-06-02 00:05:00,-57.9950341029595,121.395256849299
2026-06-02 00:06:00,-54.3421482959997,119.545792420962
2026-06-02 00:07:00,-50.6685318752067,117.957254910508
2026-06-02 00:08:00,-46.9786574440273,116.562636125859
2026-06-02 00:09:00,-43.2756332317093,115.315355869265
2026-06-02 00:10:00,-39.5617145244287,114.182020549967
2026-06-02 00:11:00,-35.8386105658861,113.138025606005
2026-06-02 00:12:00,-32.1076757457317,112.164786186461
2026-06-02 00:13:00,-28.3700320693077,111.247935224513
2026-06-02 00:14:00,-24.6266493886367,110.376116130444
2026-06-02 00:15:00,-20.8783987105608,109.540151559543
2026-06-02 00:16:00,-17.1260872784734,108.732455864953
2026-06-02 00:17:00,-13.3704820710369,107.946608364491
2026-06-02 00:18:00,-9.61232602267359,107.177034834718
2026-06-02 00:19:00,-5.85234856743707,106.418759843332
2026-06-02 00:20:00,-2.09127251321845,105.667208461707
2026-06-02 00:21:00,1.67018200155381,104.918037432898
2026-06-02 00:22:00,5.43129624629764,104.166984328734
2026-06-02 00:23:00,9.19135140986092,103.40972238723
2026-06-02 00:24:00,12.9496262759284,102.641710700554
2026-06-02 00:25:00,16.7053934145184,101.858028452307
2026-06-02 00:26:00,20.4579128836019,101.053180356975
2026-06-02 00:27:00,24.2064222870651,100.220856570449
2026-06-02 00:28:00,27.9501217130284,99.3536233759229
2026-06-02 00:29:00,31.688150755825,98.4425106057731
2026-06-02 00:30:00,35.4195537871682,97.4764469773417
2026-06-02 00:31:00,39.1432300055991,96.4414619523891
2026-06-02 00:32:00,42.8578585212109,95.3195312268629
2026-06-02 00:33:00,46.561782133834,94.0868575429478
2026-06-02 00:34:00,50.2528245626941,92.7112380618855
2026-06-02 00:35:00,53.9279997505589,91.1479009442226
2026-06-02 00:36:00,57.5830308548068,89.332679968241
2026-06-02 00:37:00,61.2115163577888,87.1703633624864
2026-06-02 00:38:00,64.8034084774797,84.5138825053302
2026-06-02 00:39:00,68.3420666572234,81.1252360752679
2026-06-02 00:40:00,71.7981421904084,76.5982848771018
2026-06-02 00:41:00,75.1158751096313,70.2002212310133
2026-06-02 00:42:00,78.1802099367016,60.5544864462277
2026-06-02 00:43:00,80.738210724479,45.2069628690606
2026-06-02 00:44:00,82.2714875761603,21.5886013351912
2026-06-02 00:45:00,82.1553306278706,-6.54416823021535
2026-06-02 00:46:00,80.4499830304343,-29.0702156354668
2026-06-02 00:47:00,77.804569189201,-43.4987407094159
2026-06-02 00:48:00,74.6985709751895,-52.6089694299743
2026-06-02 00:49:00,71.3600779719259,-58.7035721321001
2026-06-02 00:50:00,67.8933189273008,-63.0500180662594
2026-06-02 00:51:00,64.3493439547545,-66.3249210488924
2026-06-02 00:52:00,60.7552950913548,-68.9059256694376
2026-06-02 00:53:00,57.1266911604119,-71.0159371086962
2026-06-02 00:54:00,53.4729654409126,-72.7935858555881
2026-06-02 00:55:00,49.8001591906345,-74.3291217225579
2026-06-02 00:56:00,46.1123245904814,-75.6836589882624
2026-06-02 00:57:00,42.4122996661223,-76.9000174221001
2026-06-02 00:58:00,38.7021581558551,-78.0091087998622
2026-06-02 00:59:00,34.9834814269534,-79.0338517655509
2026-06-02 01:00:00,31.257528960872,-79.9916573270129
2026-06-02 01:01:00,27.5253484535303,-80.8960576981897
2026-06-02 01:02:00,23.7878486004719,-81.7578053089481
2026-06-02 01:03:00,20.0458477142434,-82.5856339979187
2026-06-02 01:04:00,16.3001060564838,-83.3868021794944
2026-06-02 01:05:00,12.5513479865249,-84.167488048369
2026-06-02 01:06:00,8.80027669865343,-84.9330878583132
2026-06-02 01:07:00,5.04758301761283,-85.6884488256918
2026-06-02 01:08:00,1.2939508981183,-86.4380590471579
2026-06-02 01:09:00,-2.45993927626859,-87.1862097529927
2026-06-02 01:10:00,-6.21340806030571,-87.9371429344799
2026-06-02 01:11:00,-9.96577478099827,-88.6951955627425
2026-06-02 01:12:00,-13.71635448535,-89.4649506111767
2026-06-02 01:13:00,-17.4644534016085,-90.251406139405
2026-06-02 01:14:00,-21.2093621492936,-91.060176342579
2026-06-02 01:15:00,-24.9503450485768,-91.8977413378193
2026-06-02 01:16:00,-28.6866237658177,-92.7717731185996
2026-06-02 01:17:00,-32.4173529468607,-93.6915704911069
2026-06-02 01:18:00,-36.1415837907494,-94.6686603168028
2026-06-02 01:19:00,-39.8582091293235,-95.7176492180249
2026-06-02 01:20:00,-43.5658806942992,-96.8574628452884
2026-06-02 01:21:00,-47.2628832107236,-98.1131995836602
2026-06-02 01:22:00,-50.9469374038654,-99.5189860679747
2026-06-02 01:23:00,-54.6148824212049,-101.122522054088
2026-06-02 01:24:00,-58.2621452209763,-102.992584266233
2026-06-02 01:25:00,-61.8818130195798,-105.231937785877
2026-06-02 01:26:00,-65.4629245556824,-108.000603979191
2026-06-02 01:27:00,-68.9871206674374,-111.559969331585
2026-06-02 01:28:00,-72.4215951369701,-116.360702468335
2026-06-02 01:29:00,-75.7030742713973,-123.223845288484
2026-06-02 01:30:00,-78.6990438298973,-133.694496558366
2026-06-02 01:31:00,-81.117207936911,-150.426957205915
2026-06-02 01:32:00,-82.3865241840392,-175.487445696591
2026-06-02 01:33:00,-81.9444664135628,156.720533203807
2026-06-02 01:34:00,-80.0154051092914,135.775722459613
2026-06-02 01:35:00,-77.2569182045101,122.548534522712
2026-06-02 01:36:00,-74.0938987668517,114.12805994695
2026-06-02 01:37:00,-70.7234210326266,108.426653759889
2026-06-02 01:38:00,-67.2363620037874,104.316250498208
2026-06-02 01:39:00,-63.6779201842632,101.191311676632
2026-06-02 01:40:00,-60.0724769859062,98.7104410394424
2026-06-02 01:41:00,-56.4341490985095,96.6701090642226
2026-06-02 01:42:00,-52.7716135812976,94.9426091498399
2026-06-02 01:43:00,-49.0904854409706,93.444163878596
2026-06-02 01:44:00,-45.3945699852311,92.1176653512367
2026-06-02 01:45:00,-41.6865613696676,90.9228690586136
2026-06-02 01:46:00,-37.9684515081061,89.8305729401249
2026-06-02 01:47:00,-34.2417791026661,88.8190248285488
2026-06-02 01:48:00,-30.5077871478304,87.8716282454865
2026-06-02 01:49:00,-26.767524971057,86.9754291142523
2026-06-02 01:50:00,-23.0219150521625,86.1200910634473
2026-06-02 01:51:00,-19.2717977985856,85.2971812470041
2026-06-02 01:52:00,-15.5179614906935,84.4996596603728
2026-06-02 01:53:00,-11.7611620847561,83.7215036731619
2026-06-02 01:54:00,-8.00213637038551,82.9574235380685
2026-06-02 01:55:00,-4.24161025096505,82.2026386324706
2026-06-02 01:56:00,-0.480303701345133,81.452693389484
2026-06-02 01:57:00,3.28106616447952,80.7032977442099
2026-06-02 01:58:00,7.0417829127793,79.9501798926615
2026-06-02 01:59:00,10.8011284446386,79.1889403845294
2026-06-02 02:00:00,14.5583800862621,78.4148976794324
2026-06-02 02:01:00,18.3128062107808,77.6229112574884
2026-06-02 02:02:00,22.0636584723705,76.8071706243302
2026-06-02 02:03:00,25.8101597432938,75.9609283759192
2026-06-02 02:04:00,29.5514868301543,75.076152044037
2026-06-02 02:05:00,33.2867437922882,74.1430543700766
2026-06-02 02:06:00,37.0149206485044,73.1494392206848
2026-06-02 02:07:00,40.7348331041007,72.0797694043131
2026-06-02 02:08:00,44.4450332221319,70.9138031413337
2026-06-02 02:09:00,48.1436691279556,69.6245391265997
2026-06-02 02:10:00,51.8282631539966,68.1750267964146
2026-06-02 02:11:00,55.4953524148759,66.5132466644189
2026-06-02 02:12:00,59.1398832912486,64.5635734694194
2026-06-02 02:13:00,62.7541398894368,62.2119309302076
2026-06-02 02:14:00,66.3257413317187,59.278713833264
2026-06-02 02:15:00,69.833651469444,55.4668101360618
2026-06-02 02:16:00,73.239624312577,50.2568790434893
2026-06-02 02:17:00,76.4684086567915,42.6916752968632
2026-06-02 02:18:00,79.3595290239115,30.9761383435905
2026-06-02 02:19:00,81.5605741626798,12.2554627318823
2026-06-02 02:20:00,82.4439197643236,-14.4048462882464
2026-06-02 02:21:00,81.5845554068904,-41.1438026787753
2026-06-02 02:22:00,79.398105197137,-59.983892581703
2026-06-02 02:23:00,76.5149254846973,-71.7768805185603
2026-06-02 02:24:00,73.2912218789046,-79.3857346664376
2026-06-02 02:25:00,69.8892858364606,-84.6208757788754
2026-06-02 02:26:00,66.3851378558717,-88.4481655953865
2026-06-02 02:27:00,62.8173621692721,-91.3912868073261
2026-06-02 02:28:00,59.2071513578338,-93.7495951370981
2026-06-02 02:29:00,55.5669597522321,-95.7039157881383
2026-06-02 02:30:00,51.9045359836403,-97.3690230112705
2026-06-02 02:31:00,48.2249448936519,-98.8209600779514
2026-06-02 02:32:00,44.5316482612686,-100.112008108075
2026-06-02 02:33:00,40.8271148330827,-101.279285650349
2026-06-02 02:34:00,37.1131811166898,-102.349905699437
2026-06-02 02:35:00,33.3912738857725,-103.344185057945
2026-06-02 02:36:00,29.6625510784626,-104.277711640453
2026-06-02 02:37:00,25.9279938457749,-105.16271649903
2026-06-02 02:38:00,22.1884677997743,-106.009010132469
2026-06-02 02:39:00,18.4447637977384,-106.824638983272
2026-06-02 02:40:00,14.6976249865581,-107.616358049312
2026-06-02 02:41:00,10.9477650819943,-108.389980114085
2026-06-02 02:42:00,7.19588036393899,-109.150642640862
2026-06-02 02:43:00,3.44265728871385,-109.903019627937
2026-06-02 02:44:00,-0.311222697162201,-110.651497689294
2026-06-02 02:45:00,-4.06508002990998,-111.400329923537
2026-06-02 02:46:00,-7.81823475508997,-112.153781885555
2026-06-02 02:47:00,-11.5700040632421,-112.916276803535
2026-06-02 02:48:00,-15.3196989792521,-113.692553183844
2026-06-02 02:49:00,-19.0666191355038,-114.487845804255
2026-06-02 02:50:00,-22.8100446394562,-115.308105419762
2026-06-02 02:51:00,-26.5492234507742,-116.160277576908
2026-06-02 02:52:00,-30.2833519452517,-117.052669709288
2026-06-02 02:53:00,-34.011545708711,-117.995449508789
2026-06-02 02:54:00,-37.732795807584,-119.001340467369
2026-06-02 02:55:00,-41.4459035250998,-120.086618896141
2026-06-02 02:56:00,-45.149381697281,-121.27258071693
2026-06-02 02:57:00,-48.8413024780867,-122.587764544032
2026-06-02 02:58:00,-52.5190566370787,-124.071421034385
2026-06-02 02:59:00,-56.1789600788126,-125.779120704955
2026-06-02 03:00:00,-59.8155833373711,-127.792171549308
2026-06-02 03:01:00,-63.4205550889672,-130.234137513926
2026-06-02 03:02:00,-66.9803008963796,-133.301247852579
2026-06-02 03:03:00,-70.4714781763583,-137.321328729872
2026-06-02 03:04:00,-73.8510488631223,-142.873421358711
2026-06-02 03:05:00,-77.0330062281871,-151.033239336505
2026-06-02 03:06:00,-79.8316459726198,-163.801864765713
2026-06-02 03:07:00,-81.8436695284493,175.901789448222
2026-06-02 03:08:00,-82.4155177717571,148.362925443528
2026-06-02 03:09:00,-81.2596815083713,122.766236033938
2026-06-02 03:10:00,-78.9029155134789,105.441277521896
2026-06-02 03:11:00,-75.9356832310447,94.6083433211417
2026-06-02 03:12:00,-72.6677413701179,87.5410767162527
2026-06-02 03:13:00,-69.2395464009513,82.6208752471857
2026-06-02 03:14:00,-65.7177845816391,78.9874248458528
2026-06-02 03:15:00,-62.1368268494125,76.1702638063539
2026-06-02 03:16:00,-58.5158125305359,73.8976716011927
2026-06-02 03:17:00,-54.8661247644499,72.0039376045436
2026-06-02 03:18:00,-51.194922297072,70.3829983224991
2026-06-02 03:19:00,-47.5069325625237,68.9640721957593
2026-06-02 03:20:00,-43.8054206423631,67.6981903489082
2026-06-02 03:21:00,-40.0927410845884,66.5503937433017
2026-06-02 03:22:00,-36.3706676290117,65.4950209566013
2026-06-02 03:23:00,-32.640597296525,64.5127552199938
2026-06-02 03:24:00,-28.9036804471519,63.5887119873552
2026-06-02 03:25:00,-25.160905588871,62.7111628899773
2026-06-02 03:26:00,-21.4131556360323,61.870660284503
2026-06-02 03:27:00,-17.6612457090431,61.0594206233148
2026-06-02 03:28:00,-13.9059483511747,60.2708785508164
2026-06-02 03:29:00,-10.1480098988326,59.4993547721354
2026-06-02 03:30:00,-6.38816121335189,58.739801280556
2026-06-02 03:31:00,-2.6271245942332,57.98759596702
2026-06-02 03:32:00,1.13438213582467,57.2383717692706
2026-06-02 03:33:00,4.89564299612742,56.4878636677438
2026-06-02 03:34:00,8.65594160457122,55.731763050231
2026-06-02 03:35:00,12.4145587133875,54.9655688152758
2026-06-02 03:36:00,16.1707682939038,54.1844247931689
2026-06-02 03:37:00,19.9238315216654,53.3829310382041
2026-06-02 03:38:00,23.6729890805321,52.5549112191755
2026-06-02 03:39:00,27.4174476835079,51.6931141468713
2026-06-02 03:40:00,31.1563577868798,50.7888188311597
2026-06-02 03:41:00,34.888780624041,49.8312950213326
2026-06-02 03:42:00,38.6136400625076,48.8070426995766
2026-06-02 03:43:00,42.3296515083446,47.6986992486666
2026-06-02 03:44:00,46.035213253121,46.4834196043313
2026-06-02 03:45:00,49.7282367063686,45.1304033592194
2026-06-02 03:46:00,53.4058753142248,43.5970011943562
2026-06-02 03:47:00,57.0640762338886,41.8223676212251
2026-06-02 03:48:00,60.6968107626358,39.7166913244297
2026-06-02 03:49:00,64.2946826220785,37.142088547447
2026-06-02 03:50:00,67.8422567679988,33.8769904388187
2026-06-02 03:51:00,71.3125717426996,29.5462746847566
2026-06-02 03:52:00,74.6549784041161,23.4783219833451
2026-06-02 03:53:00,77.7661869754633,14.4155109194921
2026-06-02 03:54:00,80.4203143519769,0.0699678629761134
2026-06-02 03:55:00,82.1416565654423,-22.3503224231003
2026-06-02 03:56:00,82.2800243665924,-50.4685980132427
2026-06-02 03:57:00,80.7643402930417,-74.1842606852251
2026-06-02 03:58:00,78.2162494961746,-89.6201880931223
2026-06-02 03:59:00,75.1577511542497,-99.3184553505111
2026-06-02 04:00:00,71.8442565658152,-105.746450321883
2026-06-02 04:01:00,68.3919104983404,-110.291232724466
2026-06-02 04:02:00,64.8569408109816,-113.691113441346
2026-06-02 04:03:00,61.2689077408726,-116.355032628883
2026-06-02 04:04:00,57.6445515268619,-118.522476413648
2026-06-02 04:05:00,53.9939666493254,-120.341341925446
2026-06-02 04:06:00,50.3235735796327,-121.907326671413
2026-06-02 04:07:00,46.6376519931026,-123.28489464781
2026-06-02 04:08:00,42.9391809117493,-124.519007428443
2026-06-02 04:09:00,39.2303237676105,-125.641992990666
2026-06-02 04:10:00,35.5127202100337,-126.677733628858
2026-06-02 04:11:00,31.7876678912636,-127.644312371495
2026-06-02 04:12:00,28.0562400825576,-128.555739647271
2026-06-02 04:13:00,24.3193628249489,-129.423113493529
2026-06-02 04:14:00,20.5778659412328,-130.255420836181
2026-06-02 04:15:00,16.8325172918822,-131.060104767857
2026-06-02 04:16:00,13.0840457071464,-131.843479205137
2026-06-02 04:17:00,9.33315639720533,-132.611038311031
2026-06-02 04:18:00,5.58054097677946,-133.367697203651
2026-06-02 04:19:00,1.8268838173451,-134.117986506329
2026-06-02 04:20:00,-1.9271339382672,-134.866217696432
2026-06-02 04:21:00,-5.6808318354197,-135.616632288119
2026-06-02 04:22:00,-9.43352815621155,-136.373545990399
2026-06-02 04:23:00,-13.1845373183675,-137.141498200069
2026-06-02 04:24:00,-16.9331661092072,-137.925418061909
2026-06-02 04:25:00,-20.6787073114661,-138.730820351907
2026-06-02 04:26:00,-24.4204294182825,-139.564046968373
2026-06-02 04:27:00,-28.1575612491535,-140.432580636543
2026-06-02 04:28:00,-31.8892684988686,-141.34546146679
2026-06-02 04:29:00,-35.6146189045791,-142.313860487003
2026-06-02 04:30:00,-39.332530621925,-143.351889500808
2026-06-02 04:31:00,-43.041694429444,-144.477774950767
2026-06-02 04:32:00,-46.7404551890039,-145.715606489203
2026-06-02 04:33:00,-50.4266270995178,-147.098018935297
2026-06-02 04:34:00,-54.0971974849831,-148.670440634387
2026-06-02 04:35:00,-57.7478338785596,-150.498069715364
2026-06-02 04:36:00,-61.3720288698819,-152.677804238367
2026-06-02 04:37:00,-64.959537304802,-155.359594000099
2026-06-02 04:38:00,-68.4933414694533,-158.786621239072
2026-06-02 04:39:00,-71.9433312191494,-163.374848771377
2026-06-02 04:40:00,-75.2520956145041,-169.876505762723
2026-06-02 04:41:00,-78.3007526623694,-179.70554239191
2026-06-02 04:42:00,-80.827648219551,164.635873468365
2026-06-02 04:43:00,-82.3016976431314,140.672262624634
2026-06-02 04:44:00,-82.1092961271919,112.583923767153
2026-06-02 04:45:00,-80.3492585990613,90.4211174438057
2026-06-02 04:46:00,-77.6751194469643,76.2799669379259
2026-06-02 04:47:00,-74.5536498641026,67.3354957465855
2026-06-02 04:48:00,-71.2053961319531,61.3349944745455
2026-06-02 04:49:00,-67.7313363452704,57.0446988617074
2026-06-02 04:50:00,-64.1811102654253,53.8052365433939
2026-06-02 04:51:00,-60.5812054125539,51.2477295709044
2026-06-02 04:52:00,-56.9468167720908,49.1539395592956
2026-06-02 04:53:00,-53.2872111617735,47.3878560153021
2026-06-02 04:54:00,-49.6083443858239,45.8607753313768
2026-06-02 04:55:00,-45.914227296994,44.512536737985
2026-06-02 04:56:00,-42.2076821687232,43.3009307268517
2026-06-02 04:57:00,-38.4907831917741,42.195448771467
2026-06-02 04:58:00,-34.765123045114,41.1734458346149
2026-06-02 04:59:00,-31.0319800783012,40.2176995712765
2026-06-02 05:00:00,-27.2924265523257,39.3148097981534
2026-06-02 05:01:00,-23.5473998599556,38.4541164548296
2026-06-02 05:02:00,-19.7977500974671,37.6269501411068
2026-06-02 05:03:00,-16.0442714576385,36.8260970781514
2026-06-02 05:04:00,-12.287723130659,36.0454076176688
2026-06-02 05:05:00,-8.52884332386623,35.2795009565595
2026-06-02 05:06:00,-4.76835835731147,34.5235343105855
2026-06-02 05:07:00,-1.00698828593898,33.7730145878429
2026-06-02 05:08:00,2.7545496603932,33.0236360444946
2026-06-02 05:09:00,6.51553878022284,32.271131834286
2026-06-02 05:10:00,10.2752611238935,31.5111282232628
2026-06-02 05:11:00,14.0329945597135,30.7389918215316
2026-06-02 05:12:00,17.7880082917443,29.9496561217683
2026-06-02 05:13:00,21.5395561149274,29.1374165960958
2026-06-02 05:14:00,25.2868656124797,28.2956730098836
2026-06-02 05:15:00,29.0291213348241,27.4165942427896
2026-06-02 05:16:00,32.7654393077146,26.4906676658181
2026-06-02 05:17:00,36.4948293258603,25.5060759952655
2026-06-02 05:18:00,40.2161377212143,24.4478120185614
2026-06-02 05:19:00,43.9279590881368,23.296385777395
2026-06-02 05:20:00,47.6285054646929,22.0258859820235
2026-06-02 05:21:00,51.3154003066963,20.6009849560746
2026-06-02 05:22:00,54.9853435335447,18.9721539928968
2026-06-02 05:23:00,58.6335496406238,17.0677287764325
2026-06-02 05:24:00,62.2527598950404,14.7801965773622
2026-06-02 05:25:00,65.8314112738896,11.941357232302
2026-06-02 05:26:00,69.3500233477213,8.27498742661838
2026-06-02 05:27:00,72.7735350711023,3.30205203241638
2026-06-02 05:28:00,76.0337540554727,-3.85459312502575
2026-06-02 05:29:00,78.9867450202744,-14.8441370035842
2026-06-02 05:30:00,81.3153192912168,-32.4174452892317
2026-06-02 05:31:00,82.4218938098457,-58.2146648339964
2026-06-02 05:32:00,81.7968900514069,-85.6162666762244
2026-06-02 05:33:00,79.7524514534243,-105.639419295604
2026-06-02 05:34:00,76.9385531928217,-118.223569537524
2026-06-02 05:35:00,73.7494787612585,-126.280331785887
2026-06-02 05:36:00,70.3664121514907,-131.77400680758
2026-06-02 05:37:00,66.8734527728398,-135.759081907105
2026-06-02 05:38:00,63.3127995429257,-138.804005405673
2026-06-02 05:39:00,59.7073954835033,-141.23121487366
2026-06-02 05:40:00,56.0706093499314,-143.234054306459
2026-06-02 05:41:00,52.4106982314972,-144.934457513544
2026-06-02 05:42:00,48.7330242744235,-146.412764815287
2026-06-02 05:43:00,45.0412300192442,-147.723946941828
2026-06-02 05:44:00,41.3378974577165,-148.906869006862
2026-06-02 05:45:00,37.6249360183652,-149.989813071219
2026-06-02 05:46:00,33.9038198947251,-150.993900961503
2026-06-02 05:47:00,30.1757385331118,-151.935287090593
2026-06-02 05:48:00,26.4416944947411,-152.826608640946
2026-06-02 05:49:00,22.7025678624614,-153.677971544594
2026-06-02 05:50:00,18.9591592933446,-154.497638694821
2026-06-02 05:51:00,15.2122187764719,-155.292523240687
2026-06-02 05:52:00,11.4624642707245,-156.068552621379
2026-06-02 05:53:00,7.71059451288917,-156.830945623346
2026-06-02 05:54:00,3.95729792922756,-157.584430626711
2026-06-02 05:55:00,0.203257856065632,-158.33342582736
2026-06-02 05:56:00,-3.55084459116752,-159.082195655198
2026-06-02 05:57:00,-7.30432847044838,-159.834997756441
2026-06-02 05:58:00,-11.0565107810902,-160.59622749573
2026-06-02 05:59:00,-14.8067032117403,-161.370573154625
2026-06-02 06:00:00,-18.5542071046771,-162.163192892642
2026-06-02 06:01:00,-22.2983056604074,-162.979928297613
2026-06-02 06:02:00,-26.0382516905919,-163.827573736542
2026-06-02 06:03:00,-29.7732492847196,-164.714229356026
2026-06-02 06:04:00,-33.5024260385883,-165.649778311167
2026-06-02 06:05:00,-37.2247916681011,-166.646550578493
2026-06-02 06:06:00,-40.9391762943795,-167.720271270946
2026-06-02 06:07:00,-44.6441374059862,-168.891450535912
2026-06-02 06:08:00,-48.3378168453612,-170.187481593068
2026-06-02 06:09:00,-52.0177148787795,-171.645899975361
2026-06-02 06:10:00,-55.6803224458994,-173.319626281131
2026-06-02 06:11:00,-59.3204991733162,-175.285722145405
2026-06-02 06:12:00,-62.9303700059361,-177.6606520117
2026-06-02 06:13:00,-66.4972572847236,179.371815421777
2026-06-02 06:14:00,-69.9995475577193,175.50692045395
2026-06-02 06:15:00,-73.3977988161536,170.210543921944
2026-06-02 06:16:00,-76.6140929054984,162.496194679782
2026-06-02 06:17:00,-79.4817202260464,150.517171124124
2026-06-02 06:18:00,-81.6354198332177,131.394508232472
2026-06-02 06:19:00,-82.4390886479291,104.481178020952
2026-06-02 06:20:00,-81.5007104849755,78.0177493984784
2026-06-02 06:21:00,-79.2673697472539,59.5786634400066
2026-06-02 06:22:00,-76.3601930884266,48.0433191671256
2026-06-02 06:23:00,-73.1229092337701,40.5792491938669
2026-06-02 06:24:00,-69.7118719089862,35.4276459873883
2026-06-02 06:25:00,-66.2005836866402,31.6513368856304
2026-06-02 06:26:00,-62.6265089185528,28.741057483943
2026-06-02 06:27:00,-59.0103060468088,26.4048958507539
2026-06-02 06:28:00,-55.3641603794494,24.4660743131311
2026-06-02 06:29:00,-51.6956807284602,22.8121375224208
2026-06-02 06:30:00,-48.0098598723079,21.3684355177502
2026-06-02 06:31:00,-44.3101251263584,20.0835591554678
2026-06-02 06:32:00,-40.5989334230787,18.920954943016
2026-06-02 06:33:00,-36.8781242952023,17.8538874305685
2026-06-02 06:34:00,-33.1491370520461,16.8622975549047
2026-06-02 06:35:00,-29.4131496004128,15.9307765814135
2026-06-02 06:36:00,-25.6711686871786,15.0472192342787
2026-06-02 06:37:00,-21.9240891385992,14.2019035402026
2026-06-02 06:38:00,-18.172733494395,13.3868450086035
2026-06-02 06:39:00,-14.4178785035987,12.5953311225902
2026-06-02 06:40:00,-10.6602729581988,11.8215760796634
2026-06-02 06:41:00,-6.90064937167645,11.0604568205688
2026-06-02 06:42:00,-3.13973066548335,10.307301605782
2026-06-02 06:43:00,0.621765502962127,9.55771563712733
2026-06-02 06:44:00,4.3831230508625,8.80742655693172
2026-06-02 06:45:00,8.14362504649931,8.05213857756029
2026-06-02 06:46:00,11.9025516764312,7.28738447973871
2026-06-02 06:47:00,15.6591775745172,6.50836546155632
2026-06-02 06:48:00,19.4127670230954,5.70976603495388
2026-06-02 06:49:00,23.1625648610768,4.88552840660496
2026-06-02 06:50:00,26.9077826474653,4.0285652557868
2026-06-02 06:51:00,30.6475792843926,3.1303794950126
2026-06-02 06:52:00,34.3810310813371,2.18054776741391
2026-06-02 06:53:00,38.1070848086509,1.16599707919721
2026-06-02 06:54:00,41.8244895758083,0.0699659249633483
2026-06-02 06:55:00,45.5316940565007,-1.12953148273668
2026-06-02 06:56:00,49.2266869964015,-2.46203739197329
2026-06-02 06:57:00,52.9067431998949,-3.96830540215044
2026-06-02 06:58:00,56.568005963075,-5.70622875578637
2026-06-02 06:59:00,60.204773764792,-7.7608419216384
2026-06-02 07:00:00,63.8082189616314,-10.2619533164658
2026-06-02 07:01:00,67.363949668502,-13.4167829049153
2026-06-02 07:02:00,70.8470510219246,-17.5735543816044
2026-06-02 07:03:00,74.2112119838585,-23.3510382249691
2026-06-02 07:04:00,77.3630568251254,-31.9030298759399
2026-06-02 07:05:00,80.0997629212775,-45.3573875721315
2026-06-02 07:06:00,81.9860808724243,-66.6071210874415
2026-06-02 07:07:00,82.3646942722958,-94.4810446928524
2026-06-02 07:08:00,81.042769513711,-119.260480743569
2026-06-02 07:09:00,78.5969779436966,-135.7123984284
2026-06-02 07:10:00,75.5880705013905,-146.016508385692
2026-06-02 07:11:00,72.3002217638496,-152.787063761152
2026-06-02 07:12:00,68.8623567807171,-157.534141051392
2026-06-02 07:13:00,65.336225796465,-161.060558378701
2026-06-02 07:14:00,61.7539436521306,-163.807891116027
2026-06-02 07:15:00,58.1335292471785,-166.032804476051
2026-06-02 07:16:00,54.4857636864264,-167.892733132121
2026-06-02 07:17:00,50.8174581802084,-169.488947876922
2026-06-02 07:18:00,47.1331252347658,-170.889321473047
2026-06-02 07:19:00,43.4358882495495,-172.140984327973
2026-06-02 07:20:00,39.7280025324938,-173.277691754659
2026-06-02 07:21:00,36.0111669952198,-174.324292888396
2026-06-02 07:22:00,32.2867186558299,-175.299541903973
2026-06-02 07:23:00,28.555757405927,-176.217924735917
2026-06-02 07:24:00,24.819227355937,-177.090882046624
2026-06-02 07:25:00,21.0779708152437,-177.92765088761
2026-06-02 07:26:00,17.3327642461518,-178.735858320538
2026-06-02 07:27:00,13.5843426407412,-179.521953267329
2026-06-02 07:28:00,9.8334155542781,179.708472388794
2026-06-02 07:29:00,6.08067761842928,178.950435175907
2026-06-02 07:30:00,2.32681522367153,178.199360413223
2026-06-02 07:31:00,-1.42748937330138,177.45091362456
2026-06-02 07:32:00,-5.18155541055372,176.700849671962
2026-06-02 07:33:00,-8.93470145594125,175.944868470271
2026-06-02 07:34:00,-12.6862426876999,175.178466776732
2026-06-02 07:35:00,-16.435486308859,174.396775130342
2026-06-02 07:36:00,-20.1817252573415,173.594366903609
2026-06-02 07:37:00,-23.9242296645442,172.765023964526
2026-06-02 07:38:00,-27.662233087992,171.901433752418
2026-06-02 07:39:00,-31.3949101067722,170.994788783011
2026-06-02 07:40:00,-35.1213429556178,170.034237334831
2026-06-02 07:41:00,-38.8404724576093,169.006110568385
2026-06-02 07:42:00,-42.5510244217692,167.892806287875
2026-06-02 07:43:00,-46.2513977143816,166.671132409472
2026-06-02 07:44:00,-49.939489922124,165.309775870014
2026-06-02 07:45:00,-53.6124190689412,163.765311605366
2026-06-02 07:46:00,-57.2660639847985,161.975682195486
2026-06-02 07:47:00,-60.8942713753176,159.849110603365
2026-06-02 07:48:00,-64.4874159734451,157.244382755853
2026-06-02 07:49:00,-68.0296295734317,153.93399421991
2026-06-02 07:50:00,-71.4930879533631,149.53166355868
2026-06-02 07:51:00,-74.8252966722072,143.343830138279
2026-06-02 07:52:00,-77.9187319579573,134.070186676652
2026-06-02 07:53:00,-80.5377544452533,119.36149406894
2026-06-02 07:54:00,-82.190687580717,96.4949392380022
2026-06-02 07:55:00,-82.2344021915227,68.3475498113519
2026-06-02 07:56:00,-80.6460425076603,45.0685538423697
2026-06-02 07:57:00,-78.0594108479796,30.0130212569478
2026-06-02 07:58:00,-74.9808383538675,20.5372673654232
2026-06-02 07:59:00,-71.655333491877,14.2348749644966
2026-06-02 08:00:00,-68.194508074157,9.76437703080435
2026-06-02 08:01:00,-64.6526390720402,6.41100926213564
2026-06-02 08:02:00,-61.0583895983288,3.77773619786833
2026-06-02 08:03:00,-57.4280580817084,1.63135374180761
2026-06-02 08:04:00,-53.7715099442345,-0.172539050475649
2026-06-02 08:05:00,-50.0950444770413,-1.72759239137915
2026-06-02 08:06:00,-46.4028785501463,-3.09701628919008
2026-06-02 08:07:00,-42.6979620383141,-4.32497364876667
2026-06-02 08:08:00,-38.9824497630695,-5.44326649778487
2026-06-02 08:09:00,-35.2579860132698,-6.47542084940211
2026-06-02 08:10:00,-31.5258828910342,-7.43927288865018
2026-06-02 08:11:00,-27.7872347108123,-8.34865900053654
2026-06-02 08:12:00,-24.0429930870528,-9.21455437109306
2026-06-02 08:13:00,-20.2940167989983,-10.0458587017805
2026-06-02 08:14:00,-16.5411051589885,-10.8499546362132
2026-06-02 08:15:00,-12.785020400585,-11.6331150502235
2026-06-02 08:16:00,-9.02650234458655,-12.400809121251
2026-06-02 08:17:00,-5.26627808367629,-13.1579402746531
2026-06-02 08:18:00,-1.50506811558732,-13.9090392495933
2026-06-02 08:19:00,2.25641023284161,-14.6584290398767
2026-06-02 08:20:00,6.01744083338492,-15.410374386194
2026-06-02 08:21:00,9.7773064483881,-16.1692271703354
2026-06-02 08:22:00,13.5352858370701,-16.9395775490837
2026-06-02 08:23:00,17.2906501289785,-17.7264245336147
2026-06-02 08:24:00,21.0426564257273,-18.5353756165769
2026-06-02 08:25:00,24.7905375234655,-19.3728960846657
2026-06-02 08:26:00,28.5334859972634,-20.2466322811591
2026-06-02 08:27:00,32.2706297801542,-21.1658443131772
2026-06-02 08:28:00,36.0009959113073,-22.1420024090672
2026-06-02 08:29:00,39.7234561126679,-23.1896310923509
2026-06-02 08:30:00,43.4366449053699,-24.3275359685075
2026-06-02 08:31:00,47.138835319467,-25.5806375850281
2026-06-02 08:32:00,50.827744377159,-26.9827950946455
2026-06-02 08:33:00,54.500219751604,-28.5812952483605
2026-06-02 08:34:00,58.1517160591682,-30.4442574618374
2026-06-02 08:35:00,61.775380201402,-32.673356490542
2026-06-02 08:36:00,65.3603695701164,-35.4267214438223
2026-06-02 08:37:00,68.8885623446653,-38.9622779312158
2026-06-02 08:38:00,72.3276485962908,-43.7240133465855
2026-06-02 08:39:00,75.6154645644141,-50.5195455457879
2026-06-02 08:40:00,78.622132839519,-60.8680870554323
2026-06-02 08:41:00,81.0613611600582,-77.3941125250932
2026-06-02 08:42:00,82.3698013260927,-102.246996448084
2026-06-02 08:43:00,81.9747959282293,-130.097631641221
2026-06-02 08:44:00,80.0778713934776,-151.265037272088
2026-06-02 08:45:00,77.3365488628207,-164.658555941785
2026-06-02 08:46:00,74.1833353071511,-173.175596022017
2026-06-02 08:47:00,70.8195251518094,-178.932993291177
2026-06-02 08:48:00,67.3378285691674,176.922422041656
2026-06-02 08:49:00,63.784256269073,173.775432932248
2026-06-02 08:50:00,60.183573823292,171.279638431179
2026-06-02 08:51:00,56.5500899710967,169.228799189501
2026-06-02 08:52:00,52.8925797606401,167.493663479585
2026-06-02 08:53:00,49.2167066117519,165.98952938705
2026-06-02 08:54:00,45.5262961579467,164.658711749301
2026-06-02 08:55:00,41.8240457459499,163.460592157491
2026-06-02 08:56:00,38.1119393675237,162.365719595727
2026-06-02 08:57:00,34.3915004114498,161.352171374153
2026-06-02 08:58:00,30.6639510974007,160.40323162444
2026-06-02 08:59:00,26.9303157461868,159.505862265747
2026-06-02 09:00:00,23.1914888749931,158.649667167073
2026-06-02 09:01:00,19.4482807108519,157.826171267429
2026-06-02 09:02:00,15.7014477550145,157.028305615102
2026-06-02 09:03:00,11.9517127624253,156.250029077553
2026-06-02 09:04:00,8.19977786547509,155.486041866882
2026-06-02 09:05:00,4.44633357127993,154.731560766081
2026-06-02 09:06:00,0.692064543082276,153.982134785427
2026-06-02 09:07:00,-3.06234737998579,153.233486414551
2026-06-02 09:08:00,-6.81622037272645,152.481363998854
2026-06-02 09:09:00,-10.5688702677237,151.721398131374
2026-06-02 09:10:00,-14.3196077408541,150.948947976433
2026-06-02 09:11:00,-18.0677343196739,150.158927329669
2026-06-02 09:12:00,-21.8125350365635,149.345596839069
2026-06-02 09:13:00,-25.5532665495607,148.50230348744
2026-06-02 09:14:00,-29.2891399904891,147.621140281343
2026-06-02 09:15:00,-33.0192948648466,146.692487526898
2026-06-02 09:16:00,-36.7427594344857,145.704377552172
2026-06-02 09:17:00,-40.4583920866136,144.641590562988
2026-06-02 09:18:00,-44.1647933550475,143.484334130836
2026-06-02 09:19:00,-47.8601705662944,142.206256581845
2026-06-02 09:20:00,-51.5421246324771,140.771373969579
2026-06-02 09:21:00,-55.207305128846,139.129150158063
2026-06-02 09:22:00,-58.8508305405806,137.206321674125
2026-06-02 09:23:00,-62.4652672851748,134.892730307863
2026-06-02 09:24:00,-66.0387302782045,132.015588894329
2026-06-02 09:25:00,-69.5511183521095,128.290294416356
2026-06-02 09:26:00,-72.9660940241708,123.221685202989
2026-06-02 09:27:00,-76.2126391112017,115.900597874943
2026-06-02 09:28:00,-79.1402021189579,104.619057228221
2026-06-02 09:29:00,-81.417340214192,86.5794579631395
2026-06-02 09:30:00,-82.4330289815073,60.4105853143913
2026-06-02 09:31:00,-81.7099680180001,33.2604499746277
2026-06-02 09:32:00,-79.6043970808668,13.7275062487571
2026-06-02 09:33:00,-76.7594626565843,1.47575059448941
2026-06-02 09:34:00,-73.5535352961396,-6.39283942562784
2026-06-02 09:35:00,-70.1598019912477,-11.7782662339997
2026-06-02 09:36:00,-66.6589547266454,-15.6975497033914
2026-06-02 09:37:00,-63.0916819708946,-18.7002164690346
2026-06-02 09:38:00,-59.4802064130843,-21.0989712819258
2026-06-02 09:39:00,-55.8375309402567,-23.0818932318901
2026-06-02 09:40:00,-52.1717191259208,-24.767913020122
2026-06-02 09:41:00,-48.4880292480575,-26.2355731428335
2026-06-02 09:42:00,-44.7900499994522,-27.5387228128181
2026-06-02 09:43:00,-41.0803394896887,-28.715501529016
2026-06-02 09:44:00,-37.3608022364288,-29.7937081747744
2026-06-02 09:45:00,-33.6329201246254,-30.7941340206755
2026-06-02 09:46:00,-29.8978987746842,-31.7327032388012
2026-06-02 09:47:00,-26.1567626465405,-32.6218901292763
2026-06-02 09:48:00,-22.4104175592538,-33.4716843231879
2026-06-02 09:49:00,-18.6596924770729,-34.2902659729896
2026-06-02 09:50:00,-14.9053681873258,-35.0844906045159
2026-06-02 09:51:00,-11.14819575345,-35.8602475440876
2026-06-02 09:52:00,-7.38890841408504,-36.6227323543589
2026-06-02 09:53:00,-3.62822979442401,-37.3766637146567
2026-06-02 09:54:00,0.133121336798459,-38.1264617486759
2026-06-02 09:55:00,3.89442863371613,-38.8764051227449
2026-06-02 09:56:00,7.65497572157224,-39.630777616032
2026-06-02 09:57:00,11.4140442466181,-40.3940150079987
2026-06-02 09:58:00,15.170910970327,-41.1708628326888
2026-06-02 09:59:00,18.9248428227952,-41.9665571326786
2026-06-02 10:00:00,22.675088714852,-42.7870436363055
2026-06-02 10:01:00,26.4208668284613,-43.6392555041499
2026-06-02 10:02:00,30.1613453156377,-44.5314786866472
2026-06-02 10:03:00,33.8956133487464,-45.473846983723
2026-06-02 10:04:00,37.622638168627,-46.4790347289084
2026-06-02 10:05:00,41.3412007390748,-47.5632463551385
2026-06-02 10:06:00,45.0497979400704,-48.7476729926731
2026-06-02 10:07:00,48.7464912055273,-50.0606964646937
2026-06-02 10:08:00,52.4286680883609,-51.5413288973888
2026-06-02 10:09:00,56.092652819343,-53.2447669900523
2026-06-02 10:10:00,59.733042761408,-55.2517124957216
2026-06-02 10:11:00,63.3415250246886,-57.6847049814016
2026-06-02 10:12:00,66.9046430715346,-60.7381558285794
2026-06-02 10:13:00,70.3992959861556,-64.7364865545056
2026-06-02 10:14:00,73.7829668325844,-70.2520248687416
2026-06-02 10:15:00,76.9708502267352,-78.3469797809445
2026-06-02 10:16:00,79.7801158834706,-90.998900561848
2026-06-02 10:17:00,81.8132498601024,-111.121608965888
2026-06-02 10:18:00,82.4191678470182,-138.572161286459
2026-06-02 10:19:00,81.295088634078,-164.294152644676
2026-06-02 10:20:00,78.957140533071,178.224646655623
2026-06-02 10:21:00,76.0003377687272,167.292800894243
2026-06-02 10:22:00,72.7391363141139,160.168887991529
2026-06-02 10:23:00,69.3161907367576,155.2151744054
2026-06-02 10:24:00,65.7991355302435,151.560770459254
2026-06-02 10:25:00,62.2227710306685,148.729809492906
2026-06-02 10:26:00,58.6064427412854,146.447725343988
2026-06-02 10:27:00,54.9616356674892,144.547230650883
2026-06-02 10:28:00,51.2955573546339,142.921342378204
2026-06-02 10:29:00,47.6129547094902,141.498718425257
2026-06-02 10:30:00,43.9170950656629,140.230034513926
2026-06-02 10:31:00,40.2103248024637,139.080098765585
2026-06-02 10:32:00,36.4944021308218,138.023093081835
2026-06-02 10:33:00,32.7707035900593,137.039593143335
2026-06-02 10:34:00,29.0403548910047,136.114639698743
2026-06-02 10:35:00,25.3043166768182,135.236452199387
2026-06-02 10:36:00,21.5634417212128,134.395546400733
2026-06-02 10:37:00,17.8185130551804,133.584114408985
2026-06-02 10:38:00,14.0702695174308,132.795575134215
2026-06-02 10:39:00,10.319422972099,132.0242414019
2026-06-02 10:40:00,6.56666963311142,131.265063569656
2026-06-02 10:41:00,2.81269738873669,130.513424817249
2026-06-02 10:42:00,-0.941809707553875,129.764969338538
2026-06-02 10:43:00,-4.69616864734171,129.015449589719
2026-06-02 10:44:00,-8.44969641459982,128.260581513372
2026-06-02 10:45:00,-12.201707644178,127.49589813583
2026-06-02 10:46:00,-15.9515100220231,126.716588651585
2026-06-02 10:47:00,-19.6983986016538,125.917311245733
2026-06-02 10:48:00,-23.4416475151256,125.091965809802
2026-06-02 10:49:00,-27.1804964378508,124.233401333408
2026-06-02 10:50:00,-30.9141294418289,123.333030727358
2026-06-02 10:51:00,-34.6416435199352,122.380304235494
2026-06-02 10:52:00,-38.3620020655583,121.361971075987
2026-06-02 10:53:00,-42.0739651141892,120.26101642499
2026-06-02 10:54:00,-45.7759823529453,119.055089315303
2026-06-02 10:55:00,-49.4660287868612,117.714110244802
2026-06-02 10:56:00,-53.1413437113381,116.196514575429
2026-06-02 10:57:00,-56.7980011178326,114.443144002338
2026-06-02 10:58:00,-60.4301725115609,112.366915163097
2026-06-02 10:59:00,-64.0287982793117,109.834554723492
2026-06-02 11:00:00,-67.5790504520482,106.632685706011
2026-06-02 11:01:00,-71.0551481750754,102.40153691124
2026-06-02 11:02:00,-74.4089351149308,96.4996136980326
2026-06-02 11:03:00,-77.5428054620921,87.7281914040296
2026-06-02 11:04:00,-80.2440211967912,73.8879327108783
2026-06-02 11:05:00,-82.0593130030674,52.1157904664928
2026-06-02 11:06:00,-82.3318989135898,24.0984341371515
2026-06-02 11:07:00,-80.9215564676417,-0.226838806869511
2026-06-02 11:08:00,-78.4274394768507,-16.2240015481207
2026-06-02 11:09:00,-75.3937184721921,-26.2538395879229
2026-06-02 11:10:00,-72.0915619188503,-32.8688541058897
2026-06-02 11:11:00,-68.6440645862283,-37.5239934199699
2026-06-02 11:12:00,-65.1104606023509,-40.9928812780079
2026-06-02 11:13:00,-61.521708982393,-43.7022885127461
2026-06-02 11:14:00,-57.8952590736502,-45.9010837207302
2026-06-02 11:15:00,-54.241594986973,-47.7423736024677
2026-06-02 11:16:00,-50.5673672729022,-49.3249011205512
2026-06-02 11:17:00,-46.8770009977822,-50.71499388656
2026-06-02 11:18:00,-43.1735739341548,-51.9587997577014
2026-06-02 11:19:00,-39.4593215066083,-53.0894280839688
2026-06-02 11:20:00,-35.7359399716068,-54.1312912608822
2026-06-02 11:21:00,-32.0047756072495,-55.102841072819
2026-06-02 11:22:00,-28.266945322481,-56.0183499706138
2026-06-02 11:23:00,-24.523415274422,-56.889107254166
2026-06-02 11:24:00,-20.7750533535086,-57.7242414611966
2026-06-02 11:25:00,-17.0226646306622,-58.5313024461343
2026-06-02 11:26:00,-13.2670151585006,-59.3166846609682
2026-06-02 11:27:00,-9.50884732896913,-60.0859441036968
2026-06-02 11:28:00,-5.74888952957303,-60.8440435223007
2026-06-02 11:29:00,-1.98786217022262,-61.5955502673137
2026-06-02 11:30:00,1.77351820392665,-62.3448041364399
2026-06-02 11:31:00,5.53453568682751,-63.0960680589914
2026-06-02 11:32:00,9.29447297251101,-63.8536734655422
2026-06-02 11:33:00,13.0526098870007,-64.6221698254956
2026-06-02 11:34:00,16.8082199647574,-65.4064915359792
2026-06-02 11:35:00,20.5605636715665,-66.2121530811038
2026-06-02 11:36:00,24.3088791249687,-67.0454911986812
